,Year,Period,Data Item,Value
0,1950,YEAR,ACRES HARVESTED,"72,398,000"
1,1951,YEAR,ACRES HARVESTED,"71,191,000"
2,1952,YEAR,ACRES HARVESTED,"71,353,000"
3,1953,YEAR,ACRES HARVESTED,"70,738,000"
4,1954,YEAR,ACRES HARVESTED,"68,668,000"
5,1955,YEAR,ACRES HARVESTED,"68,462,000"
6,1956,YEAR,ACRES HARVESTED,"64,877,000"
7,1957,YEAR,ACRES HARVESTED,"63,065,000"
8,1958,YEAR,ACRES HARVESTED,"63,549,000"
9,1959,YEAR,ACRES HARVESTED,"72,091,000"
10,1960,YEAR,ACRES HARVESTED,"71,422,000"
11,1961,YEAR,ACRES HARVESTED,"57,634,000"
12,1962,YEAR,ACRES HARVESTED,"55,726,000"
13,1963,YEAR,ACRES HARVESTED,"59,227,000"
14,1964,YEAR,ACRES HARVESTED,"55,369,000"
15,1965,YEAR,ACRES HARVESTED,"55,392,000"
16,1966,YEAR,ACRES HARVESTED,"57,002,000"
17,1967,YEAR,ACRES HARVESTED,"60,694,000"
18,1968,YEAR,ACRES HARVESTED,"55,980,000"
19,1969,YEAR,ACRES HARVESTED,"54,574,000"
20,1970,YEAR,ACRES HARVESTED,"57,358,000"
21,1971,YEAR,ACRES HARVESTED,"64,123,000"
22,1972,YEAR,ACRES HARVESTED,"57,513,000"
23,1973,YEAR,ACRES HARVESTED,"62,143,000"
24,1974,YEAR,ACRES HARVESTED,"65,405,000"
25,1975,YEAR,ACRES HARVESTED,"67,625,000"
26,1976,YEAR,ACRES HARVESTED,"71,506,000"
27,1977,YEAR,ACRES HARVESTED,"71,614,000"
28,1978,YEAR,ACRES HARVESTED,"71,930,000"
29,1979,YEAR,ACRES HARVESTED,"72,400,000"
30,1980,YEAR,ACRES HARVESTED,"72,961,000"
31,1981,YEAR,ACRES HARVESTED,"74,524,000"
32,1982,YEAR,ACRES HARVESTED,"72,719,000"
33,1983,YEAR,ACRES HARVESTED,"51,479,000"
34,1984,YEAR,ACRES HARVESTED,"71,897,000"
35,1985,YEAR,ACRES HARVESTED,"75,209,000"
36,1986,YEAR,ACRES HARVESTED,"68,907,000"
37,1987,YEAR,ACRES HARVESTED,"59,505,000"
38,1988,YEAR,ACRES HARVESTED,"58,250,000"
39,1989,YEAR,ACRES HARVESTED,"64,783,000"
40,1990,YEAR,ACRES HARVESTED,"66,952,000"
41,1991,YEAR,ACRES HARVESTED,"68,822,000"
42,1992,YEAR,ACRES HARVESTED,"72,077,000"
43,1993,YEAR,ACRES HARVESTED,"62,933,000"
44,1994,YEAR,ACRES HARVESTED,"72,514,000"
45,1995,YEAR,ACRES HARVESTED,"65,210,000"
46,1996,YEAR,ACRES HARVESTED,"72,644,000"
47,1997,YEAR,ACRES HARVESTED,"9,713,191"
48,1997,YEAR,ACRES HARVESTED,"7,304,070"
49,1997,YEAR,ACRES HARVESTED,"527,998"
50,1997,YEAR,ACRES HARVESTED,"16,284,005"
51,1997,YEAR,ACRES HARVESTED,"746,730"
52,1997,YEAR,ACRES HARVESTED,"1,472,237"
53,1997,YEAR,ACRES HARVESTED,"2,352,026"
54,1997,YEAR,ACRES HARVESTED,"19,130,322"
55,1997,YEAR,ACRES HARVESTED,"685,792"
56,1997,YEAR,ACRES HARVESTED,"251,092"
57,1997,YEAR,ACRES HARVESTED,"5,532,051"
58,1997,YEAR,ACRES HARVESTED,"16,802,131"
59,1997,YEAR,ACRES HARVESTED,"71,088,454"
60,1997,YEAR,ACRES HARVESTED,"72,671,000"
61,1998,YEAR,ACRES HARVESTED,"72,589,000"
62,1999,YEAR,ACRES HARVESTED,"70,487,000"
63,2000,YEAR,ACRES HARVESTED,"72,440,000"
64,2001,YEAR,ACRES HARVESTED,"68,768,000"
65,2002,YEAR,ACRES HARVESTED,"13,483,258"
66,2002,YEAR,ACRES HARVESTED,"9,622,218"
67,2002,YEAR,ACRES HARVESTED,"343,504"
68,2002,YEAR,ACRES HARVESTED,"13,012,959"
69,2002,YEAR,ACRES HARVESTED,"504,470"
70,2002,YEAR,ACRES HARVESTED,"2,233,269"
71,2002,YEAR,ACRES HARVESTED,"1,702,631"
72,2002,YEAR,ACRES HARVESTED,"16,826,251"
73,2002,YEAR,ACRES HARVESTED,"1,122,753"
74,2002,YEAR,ACRES HARVESTED,"505,018"
75,2002,YEAR,ACRES HARVESTED,"4,249,032"
76,2002,YEAR,ACRES HARVESTED,"18,108,418"
77,2002,YEAR,ACRES HARVESTED,"68,230,523"
78,2002,YEAR,ACRES HARVESTED,"69,330,000"
79,2003,YEAR,ACRES HARVESTED,"70,944,000"
80,2004,YEAR,ACRES HARVESTED,"73,631,000"
81,2005,YEAR,ACRES HARVESTED,"75,117,000"
82,2006,YEAR,ACRES HARVESTED,"70,638,000"
83,2007,YEAR,ACRES HARVESTED,"27,456,899"
84,2007,YEAR,ACRES HARVESTED,"16,873,615"
85,2007,YEAR,ACRES HARVESTED,"321,984"
86,2007,YEAR,ACRES HARVESTED,"12,420,682"
87,2007,YEAR,ACRES HARVESTED,"464,222"
88,2007,YEAR,ACRES HARVESTED,"5,421,247"
89,2007,YEAR,ACRES HARVESTED,"1,592,019"
90,2007,YEAR,ACRES HARVESTED,"17,773,739"
91,2007,YEAR,ACRES HARVESTED,"3,563,268"
92,2007,YEAR,ACRES HARVESTED,"1,598,769"
93,2007,YEAR,ACRES HARVESTED,"3,983,761"
94,2007,YEAR,ACRES HARVESTED,"22,235,236"
95,2007,YEAR,ACRES HARVESTED,"86,248,542"
96,2007,YEAR,ACRES HARVESTED,"86,520,000"
97,2008,YEAR,ACRES HARVESTED,"78,570,000"
98,2009,YEAR,ACRES HARVESTED,"79,490,000"
99,2010,YEAR,ACRES HARVESTED,"81,446,000"
100,2011,YEAR,ACRES HARVESTED,"83,879,000"
101,2012,YEAR,ACRES HARVESTED,"30,028,386"
102,2012,YEAR,ACRES HARVESTED,"17,976,608"
103,2012,YEAR,ACRES HARVESTED,"344,883"
104,2012,YEAR,ACRES HARVESTED,"11,959,698"
105,2012,YEAR,ACRES HARVESTED,"489,143"
106,2012,YEAR,ACRES HARVESTED,"5,737,318"
107,2012,YEAR,ACRES HARVESTED,"1,620,032"
108,2012,YEAR,ACRES HARVESTED,"16,966,822"
109,2012,YEAR,ACRES HARVESTED,"3,539,410"
110,2012,YEAR,ACRES HARVESTED,"2,775,050"
111,2012,YEAR,ACRES HARVESTED,"3,929,956"
112,2012,YEAR,ACRES HARVESTED,"22,074,125"
113,2012,YEAR,ACRES HARVESTED,"22,915,778"
114,2012,YEAR,ACRES HARVESTED,"11,756"
115,2012,YEAR,ACRES HARVESTED,"355,151"
116,2012,YEAR,ACRES HARVESTED,"986,677"
117,2012,YEAR,ACRES HARVESTED,"1,330,673"
118,2012,YEAR,ACRES HARVESTED,"1,212,970"
119,2012,YEAR,ACRES HARVESTED,"33,855,575"
120,2012,YEAR,ACRES HARVESTED,"1,319,216"
121,2012,YEAR,ACRES HARVESTED,"8,073,334"
122,2012,YEAR,ACRES HARVESTED,"293,322"
123,2012,YEAR,ACRES HARVESTED,"16,345,573"
124,2012,YEAR,ACRES HARVESTED,"713,020"
125,2012,YEAR,ACRES HARVESTED,"30,968"
126,2012,YEAR,ACRES HARVESTED,"41,198,719"
127,2012,YEAR,ACRES HARVESTED,"595,900"
128,2012,YEAR,ACRES HARVESTED,"8,146,854"
129,2012,YEAR,ACRES HARVESTED,"70,245"
130,2012,YEAR,ACRES HARVESTED,"1,199,521"
131,2012,YEAR,ACRES HARVESTED,"13,202,993"
132,2012,YEAR,ACRES HARVESTED,"184,558"
133,2012,YEAR,ACRES HARVESTED,"2,904,027"
134,2012,YEAR,ACRES HARVESTED,"19,868,415"
135,2012,YEAR,ACRES HARVESTED,"10,845"
136,2012,YEAR,ACRES HARVESTED,"37,086"
137,2012,YEAR,ACRES HARVESTED,"40,067,039"
138,2012,YEAR,ACRES HARVESTED,"637,931"
139,2012,YEAR,ACRES HARVESTED,"8,453,875"
140,2012,YEAR,ACRES HARVESTED,"80,771"
141,2012,YEAR,ACRES HARVESTED,"1,273,529"
142,2012,YEAR,ACRES HARVESTED,"13,542,550"
143,2012,YEAR,ACRES HARVESTED,"201,685"
144,2012,YEAR,ACRES HARVESTED,"3,051,203"
145,2012,YEAR,ACRES HARVESTED,"20,022,212"
146,2012,YEAR,ACRES HARVESTED,"45,164"
147,2012,YEAR,ACRES HARVESTED,"76,460,501"
148,2012,YEAR,ACRES HARVESTED,"323,127"
149,2012,YEAR,ACRES HARVESTED,"38,905"
150,2012,YEAR,ACRES HARVESTED,"33,553"
151,2012,YEAR,ACRES HARVESTED,"1,829,326"
152,2012,YEAR,ACRES HARVESTED,"81,674"
153,2012,YEAR,ACRES HARVESTED,"301,160"
154,2012,YEAR,ACRES HARVESTED,"1,446,492"
155,2012,YEAR,ACRES HARVESTED,"2,001,560"
156,2012,YEAR,ACRES HARVESTED,"1,480,077"
157,2012,YEAR,ACRES HARVESTED,"2,339,359"
158,2012,YEAR,ACRES HARVESTED,"1,975,772"
159,2012,YEAR,ACRES HARVESTED,"494,883"
160,2012,YEAR,ACRES HARVESTED,"14,940"
161,2012,YEAR,ACRES HARVESTED,"421,042"
162,2012,YEAR,ACRES HARVESTED,"87,413,045"
163,2012,YEAR,ACRES HARVESTED,"87,365,000"
164,2013,YEAR,ACRES HARVESTED,"87,461,000"
165,2014,YEAR,ACRES HARVESTED,"83,146,000"
166,2015,YEAR,ACRES HARVESTED,"80,753,000"
167,2016,YEAR,ACRES HARVESTED,"86,748,000"
168,2017,YEAR,ACRES HARVESTED,"30,769,757"
169,2017,YEAR,ACRES HARVESTED,"17,996,502"
170,2017,YEAR,ACRES HARVESTED,"250,758"
171,2017,YEAR,ACRES HARVESTED,"11,052,437"
172,2017,YEAR,ACRES HARVESTED,"373,394"
173,2017,YEAR,ACRES HARVESTED,"6,250,904"
174,2017,YEAR,ACRES HARVESTED,"1,317,597"
175,2017,YEAR,ACRES HARVESTED,"16,114,376"
176,2017,YEAR,ACRES HARVESTED,"3,797,224"
177,2017,YEAR,ACRES HARVESTED,"2,725,127"
178,2017,YEAR,ACRES HARVESTED,"3,380,290"
179,2017,YEAR,ACRES HARVESTED,"21,479,953"
180,2017,YEAR,ACRES HARVESTED,"21,257,737"
181,2017,YEAR,ACRES HARVESTED,"13,563"
182,2017,YEAR,ACRES HARVESTED,"292,359"
183,2017,YEAR,ACRES HARVESTED,"790,048"
184,2017,YEAR,ACRES HARVESTED,"1,094,075"
185,2017,YEAR,ACRES HARVESTED,"987,002"
186,2017,YEAR,ACRES HARVESTED,"37,098,341"
187,2017,YEAR,ACRES HARVESTED,"1,157,476"
188,2017,YEAR,ACRES HARVESTED,"7,061,529"
189,2017,YEAR,ACRES HARVESTED,"216,973"
190,2017,YEAR,ACRES HARVESTED,"14,237,471"
191,2017,YEAR,ACRES HARVESTED,"531,988"
192,2017,YEAR,ACRES HARVESTED,"25,845"
193,2017,YEAR,ACRES HARVESTED,"39,851,119"
194,2017,YEAR,ACRES HARVESTED,"488,761"
195,2017,YEAR,ACRES HARVESTED,"7,913,615"
196,2017,YEAR,ACRES HARVESTED,"49,539"
197,2017,YEAR,ACRES HARVESTED,"1,038,913"
198,2017,YEAR,ACRES HARVESTED,"12,717,333"
199,2017,YEAR,ACRES HARVESTED,"130,507"
200,2017,YEAR,ACRES HARVESTED,"2,516,797"
201,2017,YEAR,ACRES HARVESTED,"19,989,649"
202,2017,YEAR,ACRES HARVESTED,"16,484"
203,2017,YEAR,ACRES HARVESTED,"26,756"
204,2017,YEAR,ACRES HARVESTED,"38,586,905"
205,2017,YEAR,ACRES HARVESTED,"527,942"
206,2017,YEAR,ACRES HARVESTED,"8,249,901"
207,2017,YEAR,ACRES HARVESTED,"54,744"
208,2017,YEAR,ACRES HARVESTED,"1,105,577"
209,2017,YEAR,ACRES HARVESTED,"13,160,726"
210,2017,YEAR,ACRES HARVESTED,"140,305"
211,2017,YEAR,ACRES HARVESTED,"2,615,895"
212,2017,YEAR,ACRES HARVESTED,"20,228,706"
213,2017,YEAR,ACRES HARVESTED,"41,105"
214,2017,YEAR,ACRES HARVESTED,"72,780,699"
215,2017,YEAR,ACRES HARVESTED,"453,099"
216,2017,YEAR,ACRES HARVESTED,"44,500"
217,2017,YEAR,ACRES HARVESTED,"33,915"
218,2017,YEAR,ACRES HARVESTED,"2,052,515"
219,2017,YEAR,ACRES HARVESTED,"95,347"
220,2017,YEAR,ACRES HARVESTED,"598,516"
221,2017,YEAR,ACRES HARVESTED,"1,358,652"
222,2017,YEAR,ACRES HARVESTED,"2,130,600"
223,2017,YEAR,ACRES HARVESTED,"1,838,347"
224,2017,YEAR,ACRES HARVESTED,"2,191,543"
225,2017,YEAR,ACRES HARVESTED,"2,246,943"
226,2017,YEAR,ACRES HARVESTED,"531,322"
227,2017,YEAR,ACRES HARVESTED,"19,609"
228,2017,YEAR,ACRES HARVESTED,"415,470"
229,2017,YEAR,ACRES HARVESTED,"84,738,562"
230,2017,YEAR,ACRES HARVESTED,"82,733,000"
231,2018,YEAR,ACRES HARVESTED,"81,276,000"
232,2019,YEAR,ACRES HARVESTED,"81,337,000"
233,2020,YEAR,ACRES HARVESTED,"82,467,000"
234,2021,YEAR,ACRES HARVESTED,"84,495,000"
235,1950,YEAR,"PRODUCTION, MEASURED IN BU","2,764,071,000"
236,1951,YEAR,"PRODUCTION, MEASURED IN BU","2,628,937,000"
237,1952,YEAR,"PRODUCTION, MEASURED IN BU","2,980,793,000"
238,1953,YEAR,"PRODUCTION, MEASURED IN BU","2,881,801,000"
239,1954,YEAR,"PRODUCTION, MEASURED IN BU","2,707,913,000"
240,1955,YEAR,"PRODUCTION, MEASURED IN BU","2,872,959,000"
241,1956,YEAR,"PRODUCTION, MEASURED IN BU","3,075,336,000"
242,1957,YEAR,"PRODUCTION, MEASURED IN BU","3,045,355,000"
243,1958,YEAR,"PRODUCTION, MEASURED IN BU","3,356,205,000"
244,1959,YEAR,"PRODUCTION, MEASURED IN BU","3,824,598,000"
245,1960,YEAR,"PRODUCTION, MEASURED IN BU","3,906,949,000"
246,1961,YEAR,"PRODUCTION, MEASURED IN BU","3,597,803,000"
247,1962,YEAR,"PRODUCTION, MEASURED IN BU","3,606,311,000"
248,1963,YEAR,"PRODUCTION, MEASURED IN BU","4,019,238,000"
249,1964,YEAR,"PRODUCTION, MEASURED IN BU","3,484,253,000"
250,1965,YEAR,"PRODUCTION, MEASURED IN BU","4,102,867,000"
251,1966,YEAR,"PRODUCTION, MEASURED IN BU","4,167,608,000"
252,1967,YEAR,"PRODUCTION, MEASURED IN BU","4,860,372,000"
253,1968,YEAR,"PRODUCTION, MEASURED IN BU","4,449,542,000"
254,1969,YEAR,"PRODUCTION, MEASURED IN BU","4,687,057,000"
255,1970,YEAR,"PRODUCTION, MEASURED IN BU","4,152,243,000"
256,1971,YEAR,"PRODUCTION, MEASURED IN BU","5,646,260,000"
257,1972,YEAR,"PRODUCTION, MEASURED IN BU","5,579,832,000"
258,1973,YEAR,"PRODUCTION, MEASURED IN BU","5,670,712,000"
259,1974,YEAR,"PRODUCTION, MEASURED IN BU","4,701,402,000"
260,1975,YEAR,"PRODUCTION, MEASURED IN BU","5,840,757,000"
261,1976,YEAR,"PRODUCTION, MEASURED IN BU","6,289,169,000"
262,1977,YEAR,"PRODUCTION, MEASURED IN BU","6,505,041,000"
263,1978,YEAR,"PRODUCTION, MEASURED IN BU","7,267,927,000"
264,1979,YEAR,"PRODUCTION, MEASURED IN BU","7,928,139,000"
265,1980,YEAR,"PRODUCTION, MEASURED IN BU","6,639,396,000"
266,1981,YEAR,"PRODUCTION, MEASURED IN BU","8,118,650,000"
267,1982,YEAR,"PRODUCTION, MEASURED IN BU","8,235,101,000"
268,1983,YEAR,"PRODUCTION, MEASURED IN BU","4,174,251,000"
269,1984,YEAR,"PRODUCTION, MEASURED IN BU","7,672,130,000"
270,1985,YEAR,"PRODUCTION, MEASURED IN BU","8,875,453,000"
271,1986,YEAR,"PRODUCTION, MEASURED IN BU","8,225,764,000"
272,1987,YEAR,"PRODUCTION, MEASURED IN BU","7,131,300,000"
273,1988,YEAR,"PRODUCTION, MEASURED IN BU","4,928,681,000"
274,1989,YEAR,"PRODUCTION, MEASURED IN BU","7,531,953,000"
275,1990,YEAR,"PRODUCTION, MEASURED IN BU","7,934,028,000"
276,1991,YEAR,"PRODUCTION, MEASURED IN BU","7,474,765,000"
277,1992,YEAR,"PRODUCTION, MEASURED IN BU","9,476,698,000"
278,1993,YEAR,"PRODUCTION, MEASURED IN BU","6,337,730,000"
279,1994,YEAR,"PRODUCTION, MEASURED IN BU","10,050,520,000"
280,1995,YEAR,"PRODUCTION, MEASURED IN BU","7,400,051,000"
281,1996,YEAR,"PRODUCTION, MEASURED IN BU","9,232,557,000"
282,1997,YEAR,"PRODUCTION, MEASURED IN BU","1,277,938,564"
283,1997,YEAR,"PRODUCTION, MEASURED IN BU","954,782,014"
284,1997,YEAR,"PRODUCTION, MEASURED IN BU","46,155,082"
285,1997,YEAR,"PRODUCTION, MEASURED IN BU","1,927,695,870"
286,1997,YEAR,"PRODUCTION, MEASURED IN BU","70,880,772"
287,1997,YEAR,"PRODUCTION, MEASURED IN BU","197,387,210"
288,1997,YEAR,"PRODUCTION, MEASURED IN BU","247,189,880"
289,1997,YEAR,"PRODUCTION, MEASURED IN BU","2,379,211,641"
290,1997,YEAR,"PRODUCTION, MEASURED IN BU","91,368,297"
291,1997,YEAR,"PRODUCTION, MEASURED IN BU","34,401,043"
292,1997,YEAR,"PRODUCTION, MEASURED IN BU","615,230,412"
293,1997,YEAR,"PRODUCTION, MEASURED IN BU","2,168,175,877"
294,1997,YEAR,"PRODUCTION, MEASURED IN BU","8,732,478,098"
295,1997,YEAR,"PRODUCTION, MEASURED IN BU","9,206,832,000"
296,1998,YEAR,"PRODUCTION, MEASURED IN BU","9,758,685,000"
297,1999,YEAR,"PRODUCTION, MEASURED IN BU","9,430,612,000"
298,2000,YEAR,"PRODUCTION, MEASURED IN BU","9,915,051,000"
299,2001,YEAR,"PRODUCTION, MEASURED IN BU","9,502,580,000"
300,2002,YEAR,"PRODUCTION, MEASURED IN BU","1,797,763,099"
301,2002,YEAR,"PRODUCTION, MEASURED IN BU","1,281,012,933"
302,2002,YEAR,"PRODUCTION, MEASURED IN BU","28,692,851"
303,2002,YEAR,"PRODUCTION, MEASURED IN BU","1,565,808,118"
304,2002,YEAR,"PRODUCTION, MEASURED IN BU","45,370,212"
305,2002,YEAR,"PRODUCTION, MEASURED IN BU","299,890,161"
306,2002,YEAR,"PRODUCTION, MEASURED IN BU","173,459,715"
307,2002,YEAR,"PRODUCTION, MEASURED IN BU","2,142,549,203"
308,2002,YEAR,"PRODUCTION, MEASURED IN BU","150,014,749"
309,2002,YEAR,"PRODUCTION, MEASURED IN BU","66,845,256"
310,2002,YEAR,"PRODUCTION, MEASURED IN BU","476,455,129"
311,2002,YEAR,"PRODUCTION, MEASURED IN BU","2,382,963,487"
312,2002,YEAR,"PRODUCTION, MEASURED IN BU","8,613,061,814"
313,2002,YEAR,"PRODUCTION, MEASURED IN BU","8,966,787,000"
314,2003,YEAR,"PRODUCTION, MEASURED IN BU","10,087,292,000"
315,2004,YEAR,"PRODUCTION, MEASURED IN BU","11,805,581,000"
316,2005,YEAR,"PRODUCTION, MEASURED IN BU","11,112,187,000"
317,2006,YEAR,"PRODUCTION, MEASURED IN BU","10,531,123,000"
318,2007,YEAR,"PRODUCTION, MEASURED IN BU","4,282,995,350"
319,2007,YEAR,"PRODUCTION, MEASURED IN BU","2,619,062,466"
320,2007,YEAR,"PRODUCTION, MEASURED IN BU","33,542,995"
321,2007,YEAR,"PRODUCTION, MEASURED IN BU","1,705,815,656"
322,2007,YEAR,"PRODUCTION, MEASURED IN BU","50,766,917"
323,2007,YEAR,"PRODUCTION, MEASURED IN BU","845,597,953"
324,2007,YEAR,"PRODUCTION, MEASURED IN BU","188,266,152"
325,2007,YEAR,"PRODUCTION, MEASURED IN BU","2,586,255,887"
326,2007,YEAR,"PRODUCTION, MEASURED IN BU","564,045,708"
327,2007,YEAR,"PRODUCTION, MEASURED IN BU","254,289,223"
328,2007,YEAR,"PRODUCTION, MEASURED IN BU","510,979,422"
329,2007,YEAR,"PRODUCTION, MEASURED IN BU","3,379,896,951"
330,2007,YEAR,"PRODUCTION, MEASURED IN BU","12,738,519,330"
331,2007,YEAR,"PRODUCTION, MEASURED IN BU","13,037,875,000"
332,2008,YEAR,"PRODUCTION, MEASURED IN BU","12,043,203,000"
333,2009,YEAR,"PRODUCTION, MEASURED IN BU","13,067,156,000"
334,2010,YEAR,"PRODUCTION, MEASURED IN BU","12,425,330,000"
335,2011,YEAR,"PRODUCTION, MEASURED IN BU","12,313,956,000"
336,2012,YEAR,"PRODUCTION, MEASURED IN BU","3,670,111,522"
337,2012,YEAR,"PRODUCTION, MEASURED IN BU","2,200,693,950"
338,2012,YEAR,"PRODUCTION, MEASURED IN BU","31,996,117"
339,2012,YEAR,"PRODUCTION, MEASURED IN BU","1,353,135,191"
340,2012,YEAR,"PRODUCTION, MEASURED IN BU","46,824,759"
341,2012,YEAR,"PRODUCTION, MEASURED IN BU","691,910,594"
342,2012,YEAR,"PRODUCTION, MEASURED IN BU","164,867,435"
343,2012,YEAR,"PRODUCTION, MEASURED IN BU","1,995,672,974"
344,2012,YEAR,"PRODUCTION, MEASURED IN BU","436,095,935"
345,2012,YEAR,"PRODUCTION, MEASURED IN BU","341,411,043"
346,2012,YEAR,"PRODUCTION, MEASURED IN BU","422,425,946"
347,2012,YEAR,"PRODUCTION, MEASURED IN BU","2,648,376,213"
348,2012,YEAR,"PRODUCTION, MEASURED IN BU","2,755,823,158"
349,2012,YEAR,"PRODUCTION, MEASURED IN BU","1,125,062"
350,2012,YEAR,"PRODUCTION, MEASURED IN BU","34,337,667"
351,2012,YEAR,"PRODUCTION, MEASURED IN BU","106,998,189"
352,2012,YEAR,"PRODUCTION, MEASURED IN BU","149,964,894"
353,2012,YEAR,"PRODUCTION, MEASURED IN BU","135,024,469"
354,2012,YEAR,"PRODUCTION, MEASURED IN BU","3,990,252,069"
355,2012,YEAR,"PRODUCTION, MEASURED IN BU","151,007,021"
356,2012,YEAR,"PRODUCTION, MEASURED IN BU","948,568,143"
357,2012,YEAR,"PRODUCTION, MEASURED IN BU","29,360,280"
358,2012,YEAR,"PRODUCTION, MEASURED IN BU","1,954,353,807"
359,2012,YEAR,"PRODUCTION, MEASURED IN BU","76,595,398"
360,2012,YEAR,"PRODUCTION, MEASURED IN BU","1,282,348"
361,2012,YEAR,"PRODUCTION, MEASURED IN BU","5,498,175,131"
362,2012,YEAR,"PRODUCTION, MEASURED IN BU","38,960,445"
363,2012,YEAR,"PRODUCTION, MEASURED IN BU","771,305,012"
364,2012,YEAR,"PRODUCTION, MEASURED IN BU","3,407,464"
365,2012,YEAR,"PRODUCTION, MEASURED IN BU","94,330,894"
366,2012,YEAR,"PRODUCTION, MEASURED IN BU","1,366,916,654"
367,2012,YEAR,"PRODUCTION, MEASURED IN BU","10,726,689"
368,2012,YEAR,"PRODUCTION, MEASURED IN BU","251,074,339"
369,2012,YEAR,"PRODUCTION, MEASURED IN BU","2,296,748,122"
370,2012,YEAR,"PRODUCTION, MEASURED IN BU","483,059"
371,2012,YEAR,"PRODUCTION, MEASURED IN BU","1,285,747"
372,2012,YEAR,"PRODUCTION, MEASURED IN BU","5,370,180,197"
373,2012,YEAR,"PRODUCTION, MEASURED IN BU","41,290,732"
374,2012,YEAR,"PRODUCTION, MEASURED IN BU","800,434,659"
375,2012,YEAR,"PRODUCTION, MEASURED IN BU","3,510,227"
376,2012,YEAR,"PRODUCTION, MEASURED IN BU","99,450,037"
377,2012,YEAR,"PRODUCTION, MEASURED IN BU","1,407,283,176"
378,2012,YEAR,"PRODUCTION, MEASURED IN BU","11,197,089"
379,2012,YEAR,"PRODUCTION, MEASURED IN BU","263,359,587"
380,2012,YEAR,"PRODUCTION, MEASURED IN BU","2,331,659,208"
381,2012,YEAR,"PRODUCTION, MEASURED IN BU","3,759,498"
382,2012,YEAR,"PRODUCTION, MEASURED IN BU","9,050,779,510"
383,2012,YEAR,"PRODUCTION, MEASURED IN BU","47,816,994"
384,2012,YEAR,"PRODUCTION, MEASURED IN BU","5,767,424"
385,2012,YEAR,"PRODUCTION, MEASURED IN BU","3,855,186"
386,2012,YEAR,"PRODUCTION, MEASURED IN BU","222,260,213"
387,2012,YEAR,"PRODUCTION, MEASURED IN BU","5,726,986"
388,2012,YEAR,"PRODUCTION, MEASURED IN BU","37,869,650"
389,2012,YEAR,"PRODUCTION, MEASURED IN BU","178,663,577"
390,2012,YEAR,"PRODUCTION, MEASURED IN BU","182,513,398"
391,2012,YEAR,"PRODUCTION, MEASURED IN BU","176,219,936"
392,2012,YEAR,"PRODUCTION, MEASURED IN BU","291,858,850"
393,2012,YEAR,"PRODUCTION, MEASURED IN BU","244,677,535"
394,2012,YEAR,"PRODUCTION, MEASURED IN BU","57,726,867"
395,2012,YEAR,"PRODUCTION, MEASURED IN BU","1,376,682"
396,2012,YEAR,"PRODUCTION, MEASURED IN BU","48,557,562"
397,2012,YEAR,"PRODUCTION, MEASURED IN BU","10,333,410,157"
398,2012,YEAR,"PRODUCTION, MEASURED IN BU","10,755,111,000"
399,2013,YEAR,"PRODUCTION, MEASURED IN BU","13,830,704,000"
400,2014,YEAR,"PRODUCTION, MEASURED IN BU","14,217,292,000"
401,2015,YEAR,"PRODUCTION, MEASURED IN BU","13,601,964,000"
402,2016,YEAR,"PRODUCTION, MEASURED IN BU","15,148,038,000"
403,2017,YEAR,"PRODUCTION, MEASURED IN BU","5,422,316,887"
404,2017,YEAR,"PRODUCTION, MEASURED IN BU","3,202,832,598"
405,2017,YEAR,"PRODUCTION, MEASURED IN BU","31,324,842"
406,2017,YEAR,"PRODUCTION, MEASURED IN BU","1,874,794,136"
407,2017,YEAR,"PRODUCTION, MEASURED IN BU","51,092,503"
408,2017,YEAR,"PRODUCTION, MEASURED IN BU","1,093,693,382"
409,2017,YEAR,"PRODUCTION, MEASURED IN BU","197,853,474"
410,2017,YEAR,"PRODUCTION, MEASURED IN BU","2,827,167,993"
411,2017,YEAR,"PRODUCTION, MEASURED IN BU","655,555,260"
412,2017,YEAR,"PRODUCTION, MEASURED IN BU","470,235,647"
413,2017,YEAR,"PRODUCTION, MEASURED IN BU","544,866,304"
414,2017,YEAR,"PRODUCTION, MEASURED IN BU","3,823,987,291"
415,2017,YEAR,"PRODUCTION, MEASURED IN BU","3,848,672,045"
416,2017,YEAR,"PRODUCTION, MEASURED IN BU","1,767,765"
417,2017,YEAR,"PRODUCTION, MEASURED IN BU","42,364,522"
418,2017,YEAR,"PRODUCTION, MEASURED IN BU","127,147,103"
419,2017,YEAR,"PRODUCTION, MEASURED IN BU","184,759,593"
420,2017,YEAR,"PRODUCTION, MEASURED IN BU","166,633,598"
421,2017,YEAR,"PRODUCTION, MEASURED IN BU","6,272,921,963"
422,2017,YEAR,"PRODUCTION, MEASURED IN BU","200,643,386"
423,2017,YEAR,"PRODUCTION, MEASURED IN BU","1,243,420,085"
424,2017,YEAR,"PRODUCTION, MEASURED IN BU","32,988,863"
425,2017,YEAR,"PRODUCTION, MEASURED IN BU","2,567,019,954"
426,2017,YEAR,"PRODUCTION, MEASURED IN BU","85,064,553"
427,2017,YEAR,"PRODUCTION, MEASURED IN BU","2,379,593"
428,2017,YEAR,"PRODUCTION, MEASURED IN BU","7,197,676,865"
429,2017,YEAR,"PRODUCTION, MEASURED IN BU","61,054,081"
430,2017,YEAR,"PRODUCTION, MEASURED IN BU","1,294,286,031"
431,2017,YEAR,"PRODUCTION, MEASURED IN BU","5,029,822"
432,2017,YEAR,"PRODUCTION, MEASURED IN BU","145,996,038"
433,2017,YEAR,"PRODUCTION, MEASURED IN BU","2,150,836,278"
434,2017,YEAR,"PRODUCTION, MEASURED IN BU","14,188,032"
435,2017,YEAR,"PRODUCTION, MEASURED IN BU","389,399,060"
436,2017,YEAR,"PRODUCTION, MEASURED IN BU","3,511,129,226"
437,2017,YEAR,"PRODUCTION, MEASURED IN BU","1,428,404"
438,2017,YEAR,"PRODUCTION, MEASURED IN BU","2,035,426"
439,2017,YEAR,"PRODUCTION, MEASURED IN BU","6,990,299,155"
440,2017,YEAR,"PRODUCTION, MEASURED IN BU","66,122,002"
441,2017,YEAR,"PRODUCTION, MEASURED IN BU","1,345,481,490"
442,2017,YEAR,"PRODUCTION, MEASURED IN BU","5,311,266"
443,2017,YEAR,"PRODUCTION, MEASURED IN BU","155,544,735"
444,2017,YEAR,"PRODUCTION, MEASURED IN BU","2,228,487,271"
445,2017,YEAR,"PRODUCTION, MEASURED IN BU","14,864,697"
446,2017,YEAR,"PRODUCTION, MEASURED IN BU","405,871,171"
447,2017,YEAR,"PRODUCTION, MEASURED IN BU","3,553,745,549"
448,2017,YEAR,"PRODUCTION, MEASURED IN BU","5,640,668"
449,2017,YEAR,"PRODUCTION, MEASURED IN BU","12,784,542,695"
450,2017,YEAR,"PRODUCTION, MEASURED IN BU","78,821,833"
451,2017,YEAR,"PRODUCTION, MEASURED IN BU","7,045,134"
452,2017,YEAR,"PRODUCTION, MEASURED IN BU","5,213,029"
453,2017,YEAR,"PRODUCTION, MEASURED IN BU","307,482,619"
454,2017,YEAR,"PRODUCTION, MEASURED IN BU","12,888,041"
455,2017,YEAR,"PRODUCTION, MEASURED IN BU","84,634,980"
456,2017,YEAR,"PRODUCTION, MEASURED IN BU","209,959,598"
457,2017,YEAR,"PRODUCTION, MEASURED IN BU","304,705,274"
458,2017,YEAR,"PRODUCTION, MEASURED IN BU","334,106,669"
459,2017,YEAR,"PRODUCTION, MEASURED IN BU","356,049,017"
460,2017,YEAR,"PRODUCTION, MEASURED IN BU","432,121,675"
461,2017,YEAR,"PRODUCTION, MEASURED IN BU","86,770,183"
462,2017,YEAR,"PRODUCTION, MEASURED IN BU","2,981,474"
463,2017,YEAR,"PRODUCTION, MEASURED IN BU","73,563,828"
464,2017,YEAR,"PRODUCTION, MEASURED IN BU","14,773,403,430"
465,2017,YEAR,"PRODUCTION, MEASURED IN BU","14,609,407,000"
466,2018,YEAR,"PRODUCTION, MEASURED IN BU","14,340,369,000"
467,2019,YEAR,"PRODUCTION, MEASURED IN BU","13,619,928,000"
468,2020,YEAR,"PRODUCTION, MEASURED IN BU","14,182,479,000"
469,2021,YEAR,"PRODUCTION, MEASURED IN BU","14,750,368,000"
470,1950,YEAR,"YIELD, MEASURED IN BU / ACRE",38.2
471,1951,YEAR,"YIELD, MEASURED IN BU / ACRE",36.9
472,1952,YEAR,"YIELD, MEASURED IN BU / ACRE",41.8
473,1953,YEAR,"YIELD, MEASURED IN BU / ACRE",40.7
474,1954,YEAR,"YIELD, MEASURED IN BU / ACRE",39.4
475,1955,YEAR,"YIELD, MEASURED IN BU / ACRE",42
476,1956,YEAR,"YIELD, MEASURED IN BU / ACRE",47.4
477,1957,YEAR,"YIELD, MEASURED IN BU / ACRE",48.3
478,1958,YEAR,"YIELD, MEASURED IN BU / ACRE",52.8
479,1959,YEAR,"YIELD, MEASURED IN BU / ACRE",53.1
480,1960,YEAR,"YIELD, MEASURED IN BU / ACRE",54.7
481,1961,YEAR,"YIELD, MEASURED IN BU / ACRE",62.4
482,1962,YEAR,"YIELD, MEASURED IN BU / ACRE",64.7
483,1963,YEAR,"YIELD, MEASURED IN BU / ACRE",67.9
484,1964,YEAR,"YIELD, MEASURED IN BU / ACRE",62.9
485,1965,YEAR,"YIELD, MEASURED IN BU / ACRE",74.1
486,1966,YEAR,"YIELD, MEASURED IN BU / ACRE",73.1
487,1967,YEAR,"YIELD, MEASURED IN BU / ACRE",80.1
488,1968,YEAR,"YIELD, MEASURED IN BU / ACRE",79.5
489,1969,YEAR,"YIELD, MEASURED IN BU / ACRE",85.9
490,1970,YEAR,"YIELD, MEASURED IN BU / ACRE",72.4
491,1971,YEAR,"YIELD, MEASURED IN BU / ACRE",88.1
492,1972,YEAR,"YIELD, MEASURED IN BU / ACRE",97
493,1973,YEAR,"YIELD, MEASURED IN BU / ACRE",91.3
494,1974,YEAR,"YIELD, MEASURED IN BU / ACRE",71.9
495,1975,YEAR,"YIELD, MEASURED IN BU / ACRE",86.4
496,1976,YEAR,"YIELD, MEASURED IN BU / ACRE",88
497,1977,YEAR,"YIELD, MEASURED IN BU / ACRE",90.8
498,1978,YEAR,"YIELD, MEASURED IN BU / ACRE",101
499,1979,YEAR,"YIELD, MEASURED IN BU / ACRE",109.5
500,1980,YEAR,"YIELD, MEASURED IN BU / ACRE",91
501,1981,YEAR,"YIELD, MEASURED IN BU / ACRE",108.9
502,1982,YEAR,"YIELD, MEASURED IN BU / ACRE",113.2
503,1983,YEAR,"YIELD, MEASURED IN BU / ACRE",81.1
504,1984,YEAR,"YIELD, MEASURED IN BU / ACRE",106.7
505,1985,YEAR,"YIELD, MEASURED IN BU / ACRE",118
506,1986,YEAR,"YIELD, MEASURED IN BU / ACRE",119.4
507,1987,YEAR,"YIELD, MEASURED IN BU / ACRE",119.8
508,1988,YEAR,"YIELD, MEASURED IN BU / ACRE",84.6
509,1989,YEAR,"YIELD, MEASURED IN BU / ACRE",116.3
510,1990,YEAR,"YIELD, MEASURED IN BU / ACRE",118.5
511,1991,YEAR,"YIELD, MEASURED IN BU / ACRE",108.6
512,1992,YEAR,"YIELD, MEASURED IN BU / ACRE",131.5
513,1993,YEAR,"YIELD, MEASURED IN BU / ACRE",100.7
514,1994,YEAR,"YIELD, MEASURED IN BU / ACRE",138.6
515,1995,YEAR,"YIELD, MEASURED IN BU / ACRE",113.5
516,1996,YEAR,"YIELD, MEASURED IN BU / ACRE",127.1
517,1997,YEAR,"YIELD, MEASURED IN BU / ACRE",126.7
518,1998,YEAR,"YIELD, MEASURED IN BU / ACRE",134.4
519,1999,YEAR,"YIELD, MEASURED IN BU / ACRE",133.8
520,2000,YEAR,"YIELD, MEASURED IN BU / ACRE",136.9
521,2001,YEAR,"YIELD, MEASURED IN BU / ACRE",138.2
522,2002,YEAR,"YIELD, MEASURED IN BU / ACRE",129.3
523,2003,YEAR,"YIELD, MEASURED IN BU / ACRE",142.2
524,2004,YEAR,"YIELD, MEASURED IN BU / ACRE",160.3
525,2005,YEAR,"YIELD, MEASURED IN BU / ACRE",147.9
526,2006,YEAR,"YIELD, MEASURED IN BU / ACRE",149.1
527,2007,YEAR,"YIELD, MEASURED IN BU / ACRE",150.7
528,2008,YEAR,"YIELD, MEASURED IN BU / ACRE",153.3
529,2009,YEAR,"YIELD, MEASURED IN BU / ACRE",164.4
530,2010,YEAR,"YIELD, MEASURED IN BU / ACRE",152.6
531,2011,YEAR,"YIELD, MEASURED IN BU / ACRE",146.8
532,2012,YEAR,"YIELD, MEASURED IN BU / ACRE",123.1
533,2013,YEAR,"YIELD, MEASURED IN BU / ACRE",158.1
534,2014,YEAR,"YIELD, MEASURED IN BU / ACRE",171
535,2015,YEAR,"YIELD, MEASURED IN BU / ACRE",168.4
536,2016,YEAR,"YIELD, MEASURED IN BU / ACRE",174.6
537,2017,YEAR,"YIELD, MEASURED IN BU / ACRE",176.6
538,2018,YEAR,"YIELD, MEASURED IN BU / ACRE",176.4
539,2019,YEAR,"YIELD, MEASURED IN BU / ACRE",167.5
540,2020,YEAR,"YIELD, MEASURED IN BU / ACRE",172
541,2021,YEAR,"YIELD, MEASURED IN BU / ACRE",174.6
542,1950,YEAR,"PRICE RECEIVED, MEASURED IN $ / BU",1.52
543,1950,JAN,"PRICE RECEIVED, MEASURED IN $ / BU",1.15
544,1950,FEB,"PRICE RECEIVED, MEASURED IN $ / BU",1.16
545,1950,MAR,"PRICE RECEIVED, MEASURED IN $ / BU",1.19
546,1950,APR,"PRICE RECEIVED, MEASURED IN $ / BU",1.26
547,1950,MAY,"PRICE RECEIVED, MEASURED IN $ / BU",1.34
548,1950,JUN,"PRICE RECEIVED, MEASURED IN $ / BU",1.36
549,1950,JUL,"PRICE RECEIVED, MEASURED IN $ / BU",1.44
550,1950,AUG,"PRICE RECEIVED, MEASURED IN $ / BU",1.44
551,1950,SEP,"PRICE RECEIVED, MEASURED IN $ / BU",1.44
552,1950,OCT,"PRICE RECEIVED, MEASURED IN $ / BU",1.37
553,1950,NOV,"PRICE RECEIVED, MEASURED IN $ / BU",1.37
554,1950,DEC,"PRICE RECEIVED, MEASURED IN $ / BU",1.45
555,1951,YEAR,"PRICE RECEIVED, MEASURED IN $ / BU",1.66
556,1951,JAN,"PRICE RECEIVED, MEASURED IN $ / BU",1.54
557,1951,FEB,"PRICE RECEIVED, MEASURED IN $ / BU",1.6
558,1951,MAR,"PRICE RECEIVED, MEASURED IN $ / BU",1.6
559,1951,APR,"PRICE RECEIVED, MEASURED IN $ / BU",1.62
560,1951,MAY,"PRICE RECEIVED, MEASURED IN $ / BU",1.64
561,1951,JUN,"PRICE RECEIVED, MEASURED IN $ / BU",1.62
562,1951,JUL,"PRICE RECEIVED, MEASURED IN $ / BU",1.63
563,1951,AUG,"PRICE RECEIVED, MEASURED IN $ / BU",1.65
564,1951,SEP,"PRICE RECEIVED, MEASURED IN $ / BU",1.65
565,1951,OCT,"PRICE RECEIVED, MEASURED IN $ / BU",1.64
566,1951,NOV,"PRICE RECEIVED, MEASURED IN $ / BU",1.61
567,1951,DEC,"PRICE RECEIVED, MEASURED IN $ / BU",1.68
568,1952,YEAR,"PRICE RECEIVED, MEASURED IN $ / BU",1.52
569,1952,JAN,"PRICE RECEIVED, MEASURED IN $ / BU",1.68
570,1952,FEB,"PRICE RECEIVED, MEASURED IN $ / BU",1.65
571,1952,MAR,"PRICE RECEIVED, MEASURED IN $ / BU",1.65
572,1952,APR,"PRICE RECEIVED, MEASURED IN $ / BU",1.68
573,1952,MAY,"PRICE RECEIVED, MEASURED IN $ / BU",1.7
574,1952,JUN,"PRICE RECEIVED, MEASURED IN $ / BU",1.73
575,1952,JUL,"PRICE RECEIVED, MEASURED IN $ / BU",1.73
576,1952,AUG,"PRICE RECEIVED, MEASURED IN $ / BU",1.73
577,1952,SEP,"PRICE RECEIVED, MEASURED IN $ / BU",1.71
578,1952,OCT,"PRICE RECEIVED, MEASURED IN $ / BU",1.53
579,1952,NOV,"PRICE RECEIVED, MEASURED IN $ / BU",1.45
580,1952,DEC,"PRICE RECEIVED, MEASURED IN $ / BU",1.5
581,1953,YEAR,"PRICE RECEIVED, MEASURED IN $ / BU",1.48
582,1953,JAN,"PRICE RECEIVED, MEASURED IN $ / BU",1.48
583,1953,FEB,"PRICE RECEIVED, MEASURED IN $ / BU",1.43
584,1953,MAR,"PRICE RECEIVED, MEASURED IN $ / BU",1.46
585,1953,APR,"PRICE RECEIVED, MEASURED IN $ / BU",1.46
586,1953,MAY,"PRICE RECEIVED, MEASURED IN $ / BU",1.49
587,1953,JUN,"PRICE RECEIVED, MEASURED IN $ / BU",1.46
588,1953,JUL,"PRICE RECEIVED, MEASURED IN $ / BU",1.47
589,1953,AUG,"PRICE RECEIVED, MEASURED IN $ / BU",1.48
590,1953,SEP,"PRICE RECEIVED, MEASURED IN $ / BU",1.5
591,1953,OCT,"PRICE RECEIVED, MEASURED IN $ / BU",1.34
592,1953,NOV,"PRICE RECEIVED, MEASURED IN $ / BU",1.33
593,1953,DEC,"PRICE RECEIVED, MEASURED IN $ / BU",1.41
594,1954,YEAR,"PRICE RECEIVED, MEASURED IN $ / BU",1.43
595,1954,JAN,"PRICE RECEIVED, MEASURED IN $ / BU",1.42
596,1954,FEB,"PRICE RECEIVED, MEASURED IN $ / BU",1.43
597,1954,MAR,"PRICE RECEIVED, MEASURED IN $ / BU",1.44
598,1954,APR,"PRICE RECEIVED, MEASURED IN $ / BU",1.45
599,1954,MAY,"PRICE RECEIVED, MEASURED IN $ / BU",1.47
600,1954,JUN,"PRICE RECEIVED, MEASURED IN $ / BU",1.49
601,1954,JUL,"PRICE RECEIVED, MEASURED IN $ / BU",1.5
602,1954,AUG,"PRICE RECEIVED, MEASURED IN $ / BU",1.53
603,1954,SEP,"PRICE RECEIVED, MEASURED IN $ / BU",1.53
604,1954,OCT,"PRICE RECEIVED, MEASURED IN $ / BU",1.45
605,1954,NOV,"PRICE RECEIVED, MEASURED IN $ / BU",1.37
606,1954,DEC,"PRICE RECEIVED, MEASURED IN $ / BU",1.39
607,1955,YEAR,"PRICE RECEIVED, MEASURED IN $ / BU",1.35
608,1955,JAN,"PRICE RECEIVED, MEASURED IN $ / BU",1.4
609,1955,FEB,"PRICE RECEIVED, MEASURED IN $ / BU",1.4
610,1955,MAR,"PRICE RECEIVED, MEASURED IN $ / BU",1.36
611,1955,APR,"PRICE RECEIVED, MEASURED IN $ / BU",1.36
612,1955,MAY,"PRICE RECEIVED, MEASURED IN $ / BU",1.4
613,1955,JUN,"PRICE RECEIVED, MEASURED IN $ / BU",1.4
614,1955,JUL,"PRICE RECEIVED, MEASURED IN $ / BU",1.4
615,1955,AUG,"PRICE RECEIVED, MEASURED IN $ / BU",1.3
616,1955,SEP,"PRICE RECEIVED, MEASURED IN $ / BU",1.24
617,1955,OCT,"PRICE RECEIVED, MEASURED IN $ / BU",1.14
618,1955,NOV,"PRICE RECEIVED, MEASURED IN $ / BU",1.09
619,1955,DEC,"PRICE RECEIVED, MEASURED IN $ / BU",1.15
620,1956,YEAR,"PRICE RECEIVED, MEASURED IN $ / BU",1.29
621,1956,JAN,"PRICE RECEIVED, MEASURED IN $ / BU",1.16
622,1956,FEB,"PRICE RECEIVED, MEASURED IN $ / BU",1.18
623,1956,MAR,"PRICE RECEIVED, MEASURED IN $ / BU",1.2
624,1956,APR,"PRICE RECEIVED, MEASURED IN $ / BU",1.32
625,1956,MAY,"PRICE RECEIVED, MEASURED IN $ / BU",1.39
626,1956,JUN,"PRICE RECEIVED, MEASURED IN $ / BU",1.42
627,1956,JUL,"PRICE RECEIVED, MEASURED IN $ / BU",1.43
628,1956,AUG,"PRICE RECEIVED, MEASURED IN $ / BU",1.45
629,1956,SEP,"PRICE RECEIVED, MEASURED IN $ / BU",1.43
630,1956,OCT,"PRICE RECEIVED, MEASURED IN $ / BU",1.19
631,1956,NOV,"PRICE RECEIVED, MEASURED IN $ / BU",1.21
632,1956,DEC,"PRICE RECEIVED, MEASURED IN $ / BU",1.22
633,1957,YEAR,"PRICE RECEIVED, MEASURED IN $ / BU",1.11
634,1957,JAN,"PRICE RECEIVED, MEASURED IN $ / BU",1.23
635,1957,FEB,"PRICE RECEIVED, MEASURED IN $ / BU",1.19
636,1957,MAR,"PRICE RECEIVED, MEASURED IN $ / BU",1.2
637,1957,APR,"PRICE RECEIVED, MEASURED IN $ / BU",1.21
638,1957,MAY,"PRICE RECEIVED, MEASURED IN $ / BU",1.23
639,1957,JUN,"PRICE RECEIVED, MEASURED IN $ / BU",1.22
640,1957,JUL,"PRICE RECEIVED, MEASURED IN $ / BU",1.23
641,1957,AUG,"PRICE RECEIVED, MEASURED IN $ / BU",1.23
642,1957,SEP,"PRICE RECEIVED, MEASURED IN $ / BU",1.15
643,1957,OCT,"PRICE RECEIVED, MEASURED IN $ / BU",1.06
644,1957,NOV,"PRICE RECEIVED, MEASURED IN $ / BU",0.985
645,1957,DEC,"PRICE RECEIVED, MEASURED IN $ / BU",0.984
646,1958,YEAR,"PRICE RECEIVED, MEASURED IN $ / BU",1.12
647,1958,JAN,"PRICE RECEIVED, MEASURED IN $ / BU",0.931
648,1958,FEB,"PRICE RECEIVED, MEASURED IN $ / BU",0.958
649,1958,MAR,"PRICE RECEIVED, MEASURED IN $ / BU",1
650,1958,APR,"PRICE RECEIVED, MEASURED IN $ / BU",1.12
651,1958,MAY,"PRICE RECEIVED, MEASURED IN $ / BU",1.15
652,1958,JUN,"PRICE RECEIVED, MEASURED IN $ / BU",1.19
653,1958,JUL,"PRICE RECEIVED, MEASURED IN $ / BU",1.18
654,1958,AUG,"PRICE RECEIVED, MEASURED IN $ / BU",1.18
655,1958,SEP,"PRICE RECEIVED, MEASURED IN $ / BU",1.13
656,1958,OCT,"PRICE RECEIVED, MEASURED IN $ / BU",1.04
657,1958,NOV,"PRICE RECEIVED, MEASURED IN $ / BU",0.942
658,1958,DEC,"PRICE RECEIVED, MEASURED IN $ / BU",1.02
659,1959,YEAR,"PRICE RECEIVED, MEASURED IN $ / BU",1.05
660,1959,JAN,"PRICE RECEIVED, MEASURED IN $ / BU",1.03
661,1959,FEB,"PRICE RECEIVED, MEASURED IN $ / BU",1.04
662,1959,MAR,"PRICE RECEIVED, MEASURED IN $ / BU",1.06
663,1959,APR,"PRICE RECEIVED, MEASURED IN $ / BU",1.13
664,1959,MAY,"PRICE RECEIVED, MEASURED IN $ / BU",1.16
665,1959,JUN,"PRICE RECEIVED, MEASURED IN $ / BU",1.16
666,1959,JUL,"PRICE RECEIVED, MEASURED IN $ / BU",1.13
667,1959,AUG,"PRICE RECEIVED, MEASURED IN $ / BU",1.13
668,1959,SEP,"PRICE RECEIVED, MEASURED IN $ / BU",1.09
669,1959,OCT,"PRICE RECEIVED, MEASURED IN $ / BU",0.991
670,1959,NOV,"PRICE RECEIVED, MEASURED IN $ / BU",0.988
671,1959,DEC,"PRICE RECEIVED, MEASURED IN $ / BU",0.978
672,1960,YEAR,"PRICE RECEIVED, MEASURED IN $ / BU",1
673,1960,JAN,"PRICE RECEIVED, MEASURED IN $ / BU",0.999
674,1960,FEB,"PRICE RECEIVED, MEASURED IN $ / BU",1.01
675,1960,MAR,"PRICE RECEIVED, MEASURED IN $ / BU",1.02
676,1960,APR,"PRICE RECEIVED, MEASURED IN $ / BU",1.06
677,1960,MAY,"PRICE RECEIVED, MEASURED IN $ / BU",1.08
678,1960,JUN,"PRICE RECEIVED, MEASURED IN $ / BU",1.09
679,1960,JUL,"PRICE RECEIVED, MEASURED IN $ / BU",1.09
680,1960,AUG,"PRICE RECEIVED, MEASURED IN $ / BU",1.07
681,1960,SEP,"PRICE RECEIVED, MEASURED IN $ / BU",1.06
682,1960,OCT,"PRICE RECEIVED, MEASURED IN $ / BU",0.992
683,1960,NOV,"PRICE RECEIVED, MEASURED IN $ / BU",0.902
684,1960,DEC,"PRICE RECEIVED, MEASURED IN $ / BU",0.919
685,1961,YEAR,"PRICE RECEIVED, MEASURED IN $ / BU",1.1
686,1961,JAN,"PRICE RECEIVED, MEASURED IN $ / BU",0.97
687,1961,FEB,"PRICE RECEIVED, MEASURED IN $ / BU",1.01
688,1961,MAR,"PRICE RECEIVED, MEASURED IN $ / BU",1.01
689,1961,APR,"PRICE RECEIVED, MEASURED IN $ / BU",0.968
690,1961,MAY,"PRICE RECEIVED, MEASURED IN $ / BU",1.02
691,1961,JUN,"PRICE RECEIVED, MEASURED IN $ / BU",1.03
692,1961,JUL,"PRICE RECEIVED, MEASURED IN $ / BU",1.05
693,1961,AUG,"PRICE RECEIVED, MEASURED IN $ / BU",1.04
694,1961,SEP,"PRICE RECEIVED, MEASURED IN $ / BU",1.04
695,1961,OCT,"PRICE RECEIVED, MEASURED IN $ / BU",1.02
696,1961,NOV,"PRICE RECEIVED, MEASURED IN $ / BU",0.992
697,1961,DEC,"PRICE RECEIVED, MEASURED IN $ / BU",0.994
698,1962,YEAR,"PRICE RECEIVED, MEASURED IN $ / BU",1.12
699,1962,JAN,"PRICE RECEIVED, MEASURED IN $ / BU",0.993
700,1962,FEB,"PRICE RECEIVED, MEASURED IN $ / BU",0.996
701,1962,MAR,"PRICE RECEIVED, MEASURED IN $ / BU",1
702,1962,APR,"PRICE RECEIVED, MEASURED IN $ / BU",1.02
703,1962,MAY,"PRICE RECEIVED, MEASURED IN $ / BU",1.04
704,1962,JUN,"PRICE RECEIVED, MEASURED IN $ / BU",1.04
705,1962,JUL,"PRICE RECEIVED, MEASURED IN $ / BU",1.05
706,1962,AUG,"PRICE RECEIVED, MEASURED IN $ / BU",1.03
707,1962,SEP,"PRICE RECEIVED, MEASURED IN $ / BU",1.04
708,1962,OCT,"PRICE RECEIVED, MEASURED IN $ / BU",1.03
709,1962,NOV,"PRICE RECEIVED, MEASURED IN $ / BU",0.987
710,1962,DEC,"PRICE RECEIVED, MEASURED IN $ / BU",1.04
711,1963,YEAR,"PRICE RECEIVED, MEASURED IN $ / BU",1.11
712,1963,JAN,"PRICE RECEIVED, MEASURED IN $ / BU",1.07
713,1963,FEB,"PRICE RECEIVED, MEASURED IN $ / BU",1.09
714,1963,MAR,"PRICE RECEIVED, MEASURED IN $ / BU",1.1
715,1963,APR,"PRICE RECEIVED, MEASURED IN $ / BU",1.1
716,1963,MAY,"PRICE RECEIVED, MEASURED IN $ / BU",1.11
717,1963,JUN,"PRICE RECEIVED, MEASURED IN $ / BU",1.16
718,1963,JUL,"PRICE RECEIVED, MEASURED IN $ / BU",1.19
719,1963,AUG,"PRICE RECEIVED, MEASURED IN $ / BU",1.19
720,1963,SEP,"PRICE RECEIVED, MEASURED IN $ / BU",1.21
721,1963,OCT,"PRICE RECEIVED, MEASURED IN $ / BU",1.11
722,1963,NOV,"PRICE RECEIVED, MEASURED IN $ / BU",1.05
723,1963,DEC,"PRICE RECEIVED, MEASURED IN $ / BU",1.09
724,1964,YEAR,"PRICE RECEIVED, MEASURED IN $ / BU",1.17
725,1964,JAN,"PRICE RECEIVED, MEASURED IN $ / BU",1.12
726,1964,FEB,"PRICE RECEIVED, MEASURED IN $ / BU",1.11
727,1964,MAR,"PRICE RECEIVED, MEASURED IN $ / BU",1.13
728,1964,APR,"PRICE RECEIVED, MEASURED IN $ / BU",1.15
729,1964,MAY,"PRICE RECEIVED, MEASURED IN $ / BU",1.17
730,1964,JUN,"PRICE RECEIVED, MEASURED IN $ / BU",1.16
731,1964,JUL,"PRICE RECEIVED, MEASURED IN $ / BU",1.12
732,1964,AUG,"PRICE RECEIVED, MEASURED IN $ / BU",1.12
733,1964,SEP,"PRICE RECEIVED, MEASURED IN $ / BU",1.17
734,1964,OCT,"PRICE RECEIVED, MEASURED IN $ / BU",1.13
735,1964,NOV,"PRICE RECEIVED, MEASURED IN $ / BU",1.07
736,1964,DEC,"PRICE RECEIVED, MEASURED IN $ / BU",1.16
737,1965,YEAR,"PRICE RECEIVED, MEASURED IN $ / BU",1.16
738,1965,JAN,"PRICE RECEIVED, MEASURED IN $ / BU",1.18
739,1965,FEB,"PRICE RECEIVED, MEASURED IN $ / BU",1.2
740,1965,MAR,"PRICE RECEIVED, MEASURED IN $ / BU",1.21
741,1965,APR,"PRICE RECEIVED, MEASURED IN $ / BU",1.23
742,1965,MAY,"PRICE RECEIVED, MEASURED IN $ / BU",1.26
743,1965,JUN,"PRICE RECEIVED, MEASURED IN $ / BU",1.25
744,1965,JUL,"PRICE RECEIVED, MEASURED IN $ / BU",1.22
745,1965,AUG,"PRICE RECEIVED, MEASURED IN $ / BU",1.18
746,1965,SEP,"PRICE RECEIVED, MEASURED IN $ / BU",1.18
747,1965,OCT,"PRICE RECEIVED, MEASURED IN $ / BU",1.1
748,1965,NOV,"PRICE RECEIVED, MEASURED IN $ / BU",1.04
749,1965,DEC,"PRICE RECEIVED, MEASURED IN $ / BU",1.13
750,1966,YEAR,"PRICE RECEIVED, MEASURED IN $ / BU",1.24
751,1966,JAN,"PRICE RECEIVED, MEASURED IN $ / BU",1.19
752,1966,FEB,"PRICE RECEIVED, MEASURED IN $ / BU",1.2
753,1966,MAR,"PRICE RECEIVED, MEASURED IN $ / BU",1.17
754,1966,APR,"PRICE RECEIVED, MEASURED IN $ / BU",1.19
755,1966,MAY,"PRICE RECEIVED, MEASURED IN $ / BU",1.21
756,1966,JUN,"PRICE RECEIVED, MEASURED IN $ / BU",1.2
757,1966,JUL,"PRICE RECEIVED, MEASURED IN $ / BU",1.27
758,1966,AUG,"PRICE RECEIVED, MEASURED IN $ / BU",1.34
759,1966,SEP,"PRICE RECEIVED, MEASURED IN $ / BU",1.35
760,1966,OCT,"PRICE RECEIVED, MEASURED IN $ / BU",1.29
761,1966,NOV,"PRICE RECEIVED, MEASURED IN $ / BU",1.26
762,1966,DEC,"PRICE RECEIVED, MEASURED IN $ / BU",1.29
763,1967,YEAR,"PRICE RECEIVED, MEASURED IN $ / BU",1.03
764,1967,JAN,"PRICE RECEIVED, MEASURED IN $ / BU",1.28
765,1967,FEB,"PRICE RECEIVED, MEASURED IN $ / BU",1.26
766,1967,MAR,"PRICE RECEIVED, MEASURED IN $ / BU",1.28
767,1967,APR,"PRICE RECEIVED, MEASURED IN $ / BU",1.26
768,1967,MAY,"PRICE RECEIVED, MEASURED IN $ / BU",1.25
769,1967,JUN,"PRICE RECEIVED, MEASURED IN $ / BU",1.26
770,1967,JUL,"PRICE RECEIVED, MEASURED IN $ / BU",1.21
771,1967,AUG,"PRICE RECEIVED, MEASURED IN $ / BU",1.11
772,1967,SEP,"PRICE RECEIVED, MEASURED IN $ / BU",1.12
773,1967,OCT,"PRICE RECEIVED, MEASURED IN $ / BU",1.04
774,1967,NOV,"PRICE RECEIVED, MEASURED IN $ / BU",0.975
775,1967,DEC,"PRICE RECEIVED, MEASURED IN $ / BU",1.03
776,1968,YEAR,"PRICE RECEIVED, MEASURED IN $ / BU",1.08
777,1968,JAN,"PRICE RECEIVED, MEASURED IN $ / BU",1.04
778,1968,FEB,"PRICE RECEIVED, MEASURED IN $ / BU",1.06
779,1968,MAR,"PRICE RECEIVED, MEASURED IN $ / BU",1.06
780,1968,APR,"PRICE RECEIVED, MEASURED IN $ / BU",1.06
781,1968,MAY,"PRICE RECEIVED, MEASURED IN $ / BU",1.09
782,1968,JUN,"PRICE RECEIVED, MEASURED IN $ / BU",1.07
783,1968,JUL,"PRICE RECEIVED, MEASURED IN $ / BU",1.04
784,1968,AUG,"PRICE RECEIVED, MEASURED IN $ / BU",0.986
785,1968,SEP,"PRICE RECEIVED, MEASURED IN $ / BU",1.01
786,1968,OCT,"PRICE RECEIVED, MEASURED IN $ / BU",0.962
787,1968,NOV,"PRICE RECEIVED, MEASURED IN $ / BU",1.04
788,1968,DEC,"PRICE RECEIVED, MEASURED IN $ / BU",1.05
789,1969,YEAR,"PRICE RECEIVED, MEASURED IN $ / BU",1.16
790,1969,JAN,"PRICE RECEIVED, MEASURED IN $ / BU",1.08
791,1969,FEB,"PRICE RECEIVED, MEASURED IN $ / BU",1.09
792,1969,MAR,"PRICE RECEIVED, MEASURED IN $ / BU",1.09
793,1969,APR,"PRICE RECEIVED, MEASURED IN $ / BU",1.12
794,1969,MAY,"PRICE RECEIVED, MEASURED IN $ / BU",1.19
795,1969,JUN,"PRICE RECEIVED, MEASURED IN $ / BU",1.18
796,1969,JUL,"PRICE RECEIVED, MEASURED IN $ / BU",1.18
797,1969,AUG,"PRICE RECEIVED, MEASURED IN $ / BU",1.18
798,1969,SEP,"PRICE RECEIVED, MEASURED IN $ / BU",1.15
799,1969,OCT,"PRICE RECEIVED, MEASURED IN $ / BU",1.12
800,1969,NOV,"PRICE RECEIVED, MEASURED IN $ / BU",1.07
801,1969,DEC,"PRICE RECEIVED, MEASURED IN $ / BU",1.09
802,1970,YEAR,"PRICE RECEIVED, MEASURED IN $ / BU",1.33
803,1970,JAN,"PRICE RECEIVED, MEASURED IN $ / BU",1.12
804,1970,FEB,"PRICE RECEIVED, MEASURED IN $ / BU",1.14
805,1970,MAR,"PRICE RECEIVED, MEASURED IN $ / BU",1.13
806,1970,APR,"PRICE RECEIVED, MEASURED IN $ / BU",1.15
807,1970,MAY,"PRICE RECEIVED, MEASURED IN $ / BU",1.18
808,1970,JUN,"PRICE RECEIVED, MEASURED IN $ / BU",1.21
809,1970,JUL,"PRICE RECEIVED, MEASURED IN $ / BU",1.24
810,1970,AUG,"PRICE RECEIVED, MEASURED IN $ / BU",1.27
811,1970,SEP,"PRICE RECEIVED, MEASURED IN $ / BU",1.38
812,1970,OCT,"PRICE RECEIVED, MEASURED IN $ / BU",1.34
813,1970,NOV,"PRICE RECEIVED, MEASURED IN $ / BU",1.29
814,1970,DEC,"PRICE RECEIVED, MEASURED IN $ / BU",1.36
815,1971,YEAR,"PRICE RECEIVED, MEASURED IN $ / BU",1.08
816,1971,JAN,"PRICE RECEIVED, MEASURED IN $ / BU",1.42
817,1971,FEB,"PRICE RECEIVED, MEASURED IN $ / BU",1.43
818,1971,MAR,"PRICE RECEIVED, MEASURED IN $ / BU",1.43
819,1971,APR,"PRICE RECEIVED, MEASURED IN $ / BU",1.41
820,1971,MAY,"PRICE RECEIVED, MEASURED IN $ / BU",1.38
821,1971,JUN,"PRICE RECEIVED, MEASURED IN $ / BU",1.43
822,1971,JUL,"PRICE RECEIVED, MEASURED IN $ / BU",1.36
823,1971,AUG,"PRICE RECEIVED, MEASURED IN $ / BU",1.19
824,1971,SEP,"PRICE RECEIVED, MEASURED IN $ / BU",1.11
825,1971,OCT,"PRICE RECEIVED, MEASURED IN $ / BU",1
826,1971,NOV,"PRICE RECEIVED, MEASURED IN $ / BU",0.974
827,1971,DEC,"PRICE RECEIVED, MEASURED IN $ / BU",1.08
828,1972,YEAR,"PRICE RECEIVED, MEASURED IN $ / BU",1.57
829,1972,JAN,"PRICE RECEIVED, MEASURED IN $ / BU",1.09
830,1972,FEB,"PRICE RECEIVED, MEASURED IN $ / BU",1.09
831,1972,MAR,"PRICE RECEIVED, MEASURED IN $ / BU",1.1
832,1972,APR,"PRICE RECEIVED, MEASURED IN $ / BU",1.13
833,1972,MAY,"PRICE RECEIVED, MEASURED IN $ / BU",1.15
834,1972,JUN,"PRICE RECEIVED, MEASURED IN $ / BU",1.13
835,1972,JUL,"PRICE RECEIVED, MEASURED IN $ / BU",1.14
836,1972,AUG,"PRICE RECEIVED, MEASURED IN $ / BU",1.15
837,1972,SEP,"PRICE RECEIVED, MEASURED IN $ / BU",1.22
838,1972,OCT,"PRICE RECEIVED, MEASURED IN $ / BU",1.19
839,1972,NOV,"PRICE RECEIVED, MEASURED IN $ / BU",1.2
840,1972,DEC,"PRICE RECEIVED, MEASURED IN $ / BU",1.42
841,1973,YEAR,"PRICE RECEIVED, MEASURED IN $ / BU",2.55
842,1973,JAN,"PRICE RECEIVED, MEASURED IN $ / BU",1.39
843,1973,FEB,"PRICE RECEIVED, MEASURED IN $ / BU",1.35
844,1973,MAR,"PRICE RECEIVED, MEASURED IN $ / BU",1.37
845,1973,APR,"PRICE RECEIVED, MEASURED IN $ / BU",1.42
846,1973,MAY,"PRICE RECEIVED, MEASURED IN $ / BU",1.61
847,1973,JUN,"PRICE RECEIVED, MEASURED IN $ / BU",1.99
848,1973,JUL,"PRICE RECEIVED, MEASURED IN $ / BU",2.03
849,1973,AUG,"PRICE RECEIVED, MEASURED IN $ / BU",2.68
850,1973,SEP,"PRICE RECEIVED, MEASURED IN $ / BU",2.15
851,1973,OCT,"PRICE RECEIVED, MEASURED IN $ / BU",2.17
852,1973,NOV,"PRICE RECEIVED, MEASURED IN $ / BU",2.18
853,1973,DEC,"PRICE RECEIVED, MEASURED IN $ / BU",2.39
854,1974,YEAR,"PRICE RECEIVED, MEASURED IN $ / BU",3.02
855,1974,JAN,"PRICE RECEIVED, MEASURED IN $ / BU",2.59
856,1974,FEB,"PRICE RECEIVED, MEASURED IN $ / BU",2.76
857,1974,MAR,"PRICE RECEIVED, MEASURED IN $ / BU",2.68
858,1974,APR,"PRICE RECEIVED, MEASURED IN $ / BU",2.41
859,1974,MAY,"PRICE RECEIVED, MEASURED IN $ / BU",2.45
860,1974,JUN,"PRICE RECEIVED, MEASURED IN $ / BU",2.57
861,1974,JUL,"PRICE RECEIVED, MEASURED IN $ / BU",2.91
862,1974,AUG,"PRICE RECEIVED, MEASURED IN $ / BU",3.37
863,1974,SEP,"PRICE RECEIVED, MEASURED IN $ / BU",3.3
864,1974,OCT,"PRICE RECEIVED, MEASURED IN $ / BU",3.45
865,1974,NOV,"PRICE RECEIVED, MEASURED IN $ / BU",3.32
866,1974,DEC,"PRICE RECEIVED, MEASURED IN $ / BU",3.27
867,1975,YEAR,"PRICE RECEIVED, MEASURED IN $ / BU",2.54
868,1975,JAN,"PRICE RECEIVED, MEASURED IN $ / BU",3.07
869,1975,FEB,"PRICE RECEIVED, MEASURED IN $ / BU",2.86
870,1975,MAR,"PRICE RECEIVED, MEASURED IN $ / BU",2.67
871,1975,APR,"PRICE RECEIVED, MEASURED IN $ / BU",2.68
872,1975,MAY,"PRICE RECEIVED, MEASURED IN $ / BU",2.66
873,1975,JUN,"PRICE RECEIVED, MEASURED IN $ / BU",2.68
874,1975,JUL,"PRICE RECEIVED, MEASURED IN $ / BU",2.72
875,1975,AUG,"PRICE RECEIVED, MEASURED IN $ / BU",2.95
876,1975,SEP,"PRICE RECEIVED, MEASURED IN $ / BU",2.76
877,1975,OCT,"PRICE RECEIVED, MEASURED IN $ / BU",2.62
878,1975,NOV,"PRICE RECEIVED, MEASURED IN $ / BU",2.33
879,1975,DEC,"PRICE RECEIVED, MEASURED IN $ / BU",2.37
880,1976,YEAR,"PRICE RECEIVED, MEASURED IN $ / BU",2.15
881,1976,JAN,"PRICE RECEIVED, MEASURED IN $ / BU",2.44
882,1976,FEB,"PRICE RECEIVED, MEASURED IN $ / BU",2.48
883,1976,MAR,"PRICE RECEIVED, MEASURED IN $ / BU",2.5
884,1976,APR,"PRICE RECEIVED, MEASURED IN $ / BU",2.46
885,1976,MAY,"PRICE RECEIVED, MEASURED IN $ / BU",2.61
886,1976,JUN,"PRICE RECEIVED, MEASURED IN $ / BU",2.74
887,1976,JUL,"PRICE RECEIVED, MEASURED IN $ / BU",2.82
888,1976,AUG,"PRICE RECEIVED, MEASURED IN $ / BU",2.64
889,1976,SEP,"PRICE RECEIVED, MEASURED IN $ / BU",2.6
890,1976,OCT,"PRICE RECEIVED, MEASURED IN $ / BU",2.33
891,1976,NOV,"PRICE RECEIVED, MEASURED IN $ / BU",2.02
892,1976,DEC,"PRICE RECEIVED, MEASURED IN $ / BU",2.24
893,1977,YEAR,"PRICE RECEIVED, MEASURED IN $ / BU",2.02
894,1977,JAN,"PRICE RECEIVED, MEASURED IN $ / BU",2.34
895,1977,FEB,"PRICE RECEIVED, MEASURED IN $ / BU",2.34
896,1977,MAR,"PRICE RECEIVED, MEASURED IN $ / BU",2.35
897,1977,APR,"PRICE RECEIVED, MEASURED IN $ / BU",2.31
898,1977,MAY,"PRICE RECEIVED, MEASURED IN $ / BU",2.25
899,1977,JUN,"PRICE RECEIVED, MEASURED IN $ / BU",2.12
900,1977,JUL,"PRICE RECEIVED, MEASURED IN $ / BU",1.88
901,1977,AUG,"PRICE RECEIVED, MEASURED IN $ / BU",1.63
902,1977,SEP,"PRICE RECEIVED, MEASURED IN $ / BU",1.6
903,1977,OCT,"PRICE RECEIVED, MEASURED IN $ / BU",1.67
904,1977,NOV,"PRICE RECEIVED, MEASURED IN $ / BU",1.88
905,1977,DEC,"PRICE RECEIVED, MEASURED IN $ / BU",1.97
906,1978,YEAR,"PRICE RECEIVED, MEASURED IN $ / BU",2.25
907,1978,JAN,"PRICE RECEIVED, MEASURED IN $ / BU",2
908,1978,FEB,"PRICE RECEIVED, MEASURED IN $ / BU",2.03
909,1978,MAR,"PRICE RECEIVED, MEASURED IN $ / BU",2.15
910,1978,APR,"PRICE RECEIVED, MEASURED IN $ / BU",2.24
911,1978,MAY,"PRICE RECEIVED, MEASURED IN $ / BU",2.29
912,1978,JUN,"PRICE RECEIVED, MEASURED IN $ / BU",2.28
913,1978,JUL,"PRICE RECEIVED, MEASURED IN $ / BU",2.16
914,1978,AUG,"PRICE RECEIVED, MEASURED IN $ / BU",2.01
915,1978,SEP,"PRICE RECEIVED, MEASURED IN $ / BU",1.98
916,1978,OCT,"PRICE RECEIVED, MEASURED IN $ / BU",1.97
917,1978,NOV,"PRICE RECEIVED, MEASURED IN $ / BU",2.02
918,1978,DEC,"PRICE RECEIVED, MEASURED IN $ / BU",2.09
919,1979,YEAR,"PRICE RECEIVED, MEASURED IN $ / BU",2.52
920,1979,JAN,"PRICE RECEIVED, MEASURED IN $ / BU",2.11
921,1979,FEB,"PRICE RECEIVED, MEASURED IN $ / BU",2.18
922,1979,MAR,"PRICE RECEIVED, MEASURED IN $ / BU",2.22
923,1979,APR,"PRICE RECEIVED, MEASURED IN $ / BU",2.27
924,1979,MAY,"PRICE RECEIVED, MEASURED IN $ / BU",2.35
925,1979,JUN,"PRICE RECEIVED, MEASURED IN $ / BU",2.49
926,1979,JUL,"PRICE RECEIVED, MEASURED IN $ / BU",2.64
927,1979,AUG,"PRICE RECEIVED, MEASURED IN $ / BU",2.54
928,1979,SEP,"PRICE RECEIVED, MEASURED IN $ / BU",2.51
929,1979,OCT,"PRICE RECEIVED, MEASURED IN $ / BU",2.41
930,1979,NOV,"PRICE RECEIVED, MEASURED IN $ / BU",2.27
931,1979,DEC,"PRICE RECEIVED, MEASURED IN $ / BU",2.38
932,1980,YEAR,"PRICE RECEIVED, MEASURED IN $ / BU",3.11
933,1980,JAN,"PRICE RECEIVED, MEASURED IN $ / BU",2.45
934,1980,FEB,"PRICE RECEIVED, MEASURED IN $ / BU",2.39
935,1980,MAR,"PRICE RECEIVED, MEASURED IN $ / BU",2.4
936,1980,APR,"PRICE RECEIVED, MEASURED IN $ / BU",2.36
937,1980,MAY,"PRICE RECEIVED, MEASURED IN $ / BU",2.42
938,1980,JUN,"PRICE RECEIVED, MEASURED IN $ / BU",2.49
939,1980,JUL,"PRICE RECEIVED, MEASURED IN $ / BU",2.73
940,1980,AUG,"PRICE RECEIVED, MEASURED IN $ / BU",2.92
941,1980,SEP,"PRICE RECEIVED, MEASURED IN $ / BU",3.01
942,1980,OCT,"PRICE RECEIVED, MEASURED IN $ / BU",2.99
943,1980,NOV,"PRICE RECEIVED, MEASURED IN $ / BU",3.1
944,1980,DEC,"PRICE RECEIVED, MEASURED IN $ / BU",3.19
945,1981,YEAR,"PRICE RECEIVED, MEASURED IN $ / BU",2.5
946,1981,JAN,"PRICE RECEIVED, MEASURED IN $ / BU",3.19
947,1981,FEB,"PRICE RECEIVED, MEASURED IN $ / BU",3.22
948,1981,MAR,"PRICE RECEIVED, MEASURED IN $ / BU",3.25
949,1981,APR,"PRICE RECEIVED, MEASURED IN $ / BU",3.24
950,1981,MAY,"PRICE RECEIVED, MEASURED IN $ / BU",3.24
951,1981,JUN,"PRICE RECEIVED, MEASURED IN $ / BU",3.17
952,1981,JUL,"PRICE RECEIVED, MEASURED IN $ / BU",3.14
953,1981,AUG,"PRICE RECEIVED, MEASURED IN $ / BU",2.87
954,1981,SEP,"PRICE RECEIVED, MEASURED IN $ / BU",2.55
955,1981,OCT,"PRICE RECEIVED, MEASURED IN $ / BU",2.45
956,1981,NOV,"PRICE RECEIVED, MEASURED IN $ / BU",2.34
957,1981,DEC,"PRICE RECEIVED, MEASURED IN $ / BU",2.39
958,1982,YEAR,"PRICE RECEIVED, MEASURED IN $ / BU",2.55
959,1982,JAN,"PRICE RECEIVED, MEASURED IN $ / BU",2.54
960,1982,FEB,"PRICE RECEIVED, MEASURED IN $ / BU",2.44
961,1982,MAR,"PRICE RECEIVED, MEASURED IN $ / BU",2.46
962,1982,APR,"PRICE RECEIVED, MEASURED IN $ / BU",2.55
963,1982,MAY,"PRICE RECEIVED, MEASURED IN $ / BU",2.6
964,1982,JUN,"PRICE RECEIVED, MEASURED IN $ / BU",2.57
965,1982,JUL,"PRICE RECEIVED, MEASURED IN $ / BU",2.5
966,1982,AUG,"PRICE RECEIVED, MEASURED IN $ / BU",2.3
967,1982,SEP,"PRICE RECEIVED, MEASURED IN $ / BU",2.15
968,1982,OCT,"PRICE RECEIVED, MEASURED IN $ / BU",1.98
969,1982,NOV,"PRICE RECEIVED, MEASURED IN $ / BU",2.13
970,1982,DEC,"PRICE RECEIVED, MEASURED IN $ / BU",2.26
971,1983,YEAR,"PRICE RECEIVED, MEASURED IN $ / BU",3.21
972,1983,JAN,"PRICE RECEIVED, MEASURED IN $ / BU",2.36
973,1983,FEB,"PRICE RECEIVED, MEASURED IN $ / BU",2.56
974,1983,MAR,"PRICE RECEIVED, MEASURED IN $ / BU",2.71
975,1983,APR,"PRICE RECEIVED, MEASURED IN $ / BU",2.95
976,1983,MAY,"PRICE RECEIVED, MEASURED IN $ / BU",3.03
977,1983,JUN,"PRICE RECEIVED, MEASURED IN $ / BU",3.04
978,1983,JUL,"PRICE RECEIVED, MEASURED IN $ / BU",3.13
979,1983,AUG,"PRICE RECEIVED, MEASURED IN $ / BU",3.35
980,1983,SEP,"PRICE RECEIVED, MEASURED IN $ / BU",3.32
981,1983,OCT,"PRICE RECEIVED, MEASURED IN $ / BU",3.15
982,1983,NOV,"PRICE RECEIVED, MEASURED IN $ / BU",3.17
983,1983,DEC,"PRICE RECEIVED, MEASURED IN $ / BU",3.15
984,1984,YEAR,"PRICE RECEIVED, MEASURED IN $ / BU",2.63
985,1984,JAN,"PRICE RECEIVED, MEASURED IN $ / BU",3.15
986,1984,FEB,"PRICE RECEIVED, MEASURED IN $ / BU",3.11
987,1984,MAR,"PRICE RECEIVED, MEASURED IN $ / BU",3.21
988,1984,APR,"PRICE RECEIVED, MEASURED IN $ / BU",3.32
989,1984,MAY,"PRICE RECEIVED, MEASURED IN $ / BU",3.34
990,1984,JUN,"PRICE RECEIVED, MEASURED IN $ / BU",3.36
991,1984,JUL,"PRICE RECEIVED, MEASURED IN $ / BU",3.3
992,1984,AUG,"PRICE RECEIVED, MEASURED IN $ / BU",3.12
993,1984,SEP,"PRICE RECEIVED, MEASURED IN $ / BU",2.9
994,1984,OCT,"PRICE RECEIVED, MEASURED IN $ / BU",2.65
995,1984,NOV,"PRICE RECEIVED, MEASURED IN $ / BU",2.55
996,1984,DEC,"PRICE RECEIVED, MEASURED IN $ / BU",2.56
997,1985,YEAR,"PRICE RECEIVED, MEASURED IN $ / BU",2.23
998,1985,JAN,"PRICE RECEIVED, MEASURED IN $ / BU",2.64
999,1985,FEB,"PRICE RECEIVED, MEASURED IN $ / BU",2.62
1000,1985,MAR,"PRICE RECEIVED, MEASURED IN $ / BU",2.67
1001,1985,APR,"PRICE RECEIVED, MEASURED IN $ / BU",2.7
1002,1985,MAY,"PRICE RECEIVED, MEASURED IN $ / BU",2.68
1003,1985,JUN,"PRICE RECEIVED, MEASURED IN $ / BU",2.64
1004,1985,JUL,"PRICE RECEIVED, MEASURED IN $ / BU",2.6
1005,1985,AUG,"PRICE RECEIVED, MEASURED IN $ / BU",2.44
1006,1985,SEP,"PRICE RECEIVED, MEASURED IN $ / BU",2.29
1007,1985,OCT,"PRICE RECEIVED, MEASURED IN $ / BU",2.11
1008,1985,NOV,"PRICE RECEIVED, MEASURED IN $ / BU",2.21
1009,1985,DEC,"PRICE RECEIVED, MEASURED IN $ / BU",2.29
1010,1986,YEAR,"PRICE RECEIVED, MEASURED IN $ / BU",1.5
1011,1986,JAN,"PRICE RECEIVED, MEASURED IN $ / BU",2.33
1012,1986,FEB,"PRICE RECEIVED, MEASURED IN $ / BU",2.32
1013,1986,MAR,"PRICE RECEIVED, MEASURED IN $ / BU",2.29
1014,1986,APR,"PRICE RECEIVED, MEASURED IN $ / BU",2.3
1015,1986,MAY,"PRICE RECEIVED, MEASURED IN $ / BU",2.39
1016,1986,JUN,"PRICE RECEIVED, MEASURED IN $ / BU",2.32
1017,1986,JUL,"PRICE RECEIVED, MEASURED IN $ / BU",2
1018,1986,AUG,"PRICE RECEIVED, MEASURED IN $ / BU",1.73
1019,1986,SEP,"PRICE RECEIVED, MEASURED IN $ / BU",1.45
1020,1986,OCT,"PRICE RECEIVED, MEASURED IN $ / BU",1.4
1021,1986,NOV,"PRICE RECEIVED, MEASURED IN $ / BU",1.47
1022,1986,DEC,"PRICE RECEIVED, MEASURED IN $ / BU",1.5
1023,1987,YEAR,"PRICE RECEIVED, MEASURED IN $ / BU",1.94
1024,1987,JAN,"PRICE RECEIVED, MEASURED IN $ / BU",1.48
1025,1987,FEB,"PRICE RECEIVED, MEASURED IN $ / BU",1.42
1026,1987,MAR,"PRICE RECEIVED, MEASURED IN $ / BU",1.47
1027,1987,APR,"PRICE RECEIVED, MEASURED IN $ / BU",1.52
1028,1987,MAY,"PRICE RECEIVED, MEASURED IN $ / BU",1.66
1029,1987,JUN,"PRICE RECEIVED, MEASURED IN $ / BU",1.69
1030,1987,JUL,"PRICE RECEIVED, MEASURED IN $ / BU",1.6
1031,1987,AUG,"PRICE RECEIVED, MEASURED IN $ / BU",1.47
1032,1987,SEP,"PRICE RECEIVED, MEASURED IN $ / BU",1.49
1033,1987,OCT,"PRICE RECEIVED, MEASURED IN $ / BU",1.55
1034,1987,NOV,"PRICE RECEIVED, MEASURED IN $ / BU",1.61
1035,1987,DEC,"PRICE RECEIVED, MEASURED IN $ / BU",1.72
1036,1988,YEAR,"PRICE RECEIVED, MEASURED IN $ / BU",2.54
1037,1988,JAN,"PRICE RECEIVED, MEASURED IN $ / BU",1.77
1038,1988,FEB,"PRICE RECEIVED, MEASURED IN $ / BU",1.83
1039,1988,MAR,"PRICE RECEIVED, MEASURED IN $ / BU",1.86
1040,1988,APR,"PRICE RECEIVED, MEASURED IN $ / BU",1.88
1041,1988,MAY,"PRICE RECEIVED, MEASURED IN $ / BU",1.94
1042,1988,JUN,"PRICE RECEIVED, MEASURED IN $ / BU",2.41
1043,1988,JUL,"PRICE RECEIVED, MEASURED IN $ / BU",2.72
1044,1988,AUG,"PRICE RECEIVED, MEASURED IN $ / BU",2.65
1045,1988,SEP,"PRICE RECEIVED, MEASURED IN $ / BU",2.6
1046,1988,OCT,"PRICE RECEIVED, MEASURED IN $ / BU",2.58
1047,1988,NOV,"PRICE RECEIVED, MEASURED IN $ / BU",2.51
1048,1988,DEC,"PRICE RECEIVED, MEASURED IN $ / BU",2.53
1049,1989,YEAR,"PRICE RECEIVED, MEASURED IN $ / BU",2.36
1050,1989,JAN,"PRICE RECEIVED, MEASURED IN $ / BU",2.6
1051,1989,FEB,"PRICE RECEIVED, MEASURED IN $ / BU",2.59
1052,1989,MAR,"PRICE RECEIVED, MEASURED IN $ / BU",2.6
1053,1989,APR,"PRICE RECEIVED, MEASURED IN $ / BU",2.56
1054,1989,MAY,"PRICE RECEIVED, MEASURED IN $ / BU",2.58
1055,1989,JUN,"PRICE RECEIVED, MEASURED IN $ / BU",2.52
1056,1989,JUL,"PRICE RECEIVED, MEASURED IN $ / BU",2.47
1057,1989,AUG,"PRICE RECEIVED, MEASURED IN $ / BU",2.27
1058,1989,SEP,"PRICE RECEIVED, MEASURED IN $ / BU",2.29
1059,1989,OCT,"PRICE RECEIVED, MEASURED IN $ / BU",2.22
1060,1989,NOV,"PRICE RECEIVED, MEASURED IN $ / BU",2.24
1061,1989,DEC,"PRICE RECEIVED, MEASURED IN $ / BU",2.27
1062,1990,YEAR,"PRICE RECEIVED, MEASURED IN $ / BU",2.28
1063,1990,JAN,"PRICE RECEIVED, MEASURED IN $ / BU",2.31
1064,1990,FEB,"PRICE RECEIVED, MEASURED IN $ / BU",2.32
1065,1990,MAR,"PRICE RECEIVED, MEASURED IN $ / BU",2.37
1066,1990,APR,"PRICE RECEIVED, MEASURED IN $ / BU",2.51
1067,1990,MAY,"PRICE RECEIVED, MEASURED IN $ / BU",2.62
1068,1990,JUN,"PRICE RECEIVED, MEASURED IN $ / BU",2.63
1069,1990,JUL,"PRICE RECEIVED, MEASURED IN $ / BU",2.62
1070,1990,AUG,"PRICE RECEIVED, MEASURED IN $ / BU",2.51
1071,1990,SEP,"PRICE RECEIVED, MEASURED IN $ / BU",2.32
1072,1990,OCT,"PRICE RECEIVED, MEASURED IN $ / BU",2.19
1073,1990,NOV,"PRICE RECEIVED, MEASURED IN $ / BU",2.16
1074,1990,DEC,"PRICE RECEIVED, MEASURED IN $ / BU",2.22
1075,1991,YEAR,"PRICE RECEIVED, MEASURED IN $ / BU",2.37
1076,1991,JAN,"PRICE RECEIVED, MEASURED IN $ / BU",2.27
1077,1991,FEB,"PRICE RECEIVED, MEASURED IN $ / BU",2.32
1078,1991,MAR,"PRICE RECEIVED, MEASURED IN $ / BU",2.39
1079,1991,APR,"PRICE RECEIVED, MEASURED IN $ / BU",2.42
1080,1991,MAY,"PRICE RECEIVED, MEASURED IN $ / BU",2.38
1081,1991,JUN,"PRICE RECEIVED, MEASURED IN $ / BU",2.31
1082,1991,JUL,"PRICE RECEIVED, MEASURED IN $ / BU",2.27
1083,1991,AUG,"PRICE RECEIVED, MEASURED IN $ / BU",2.33
1084,1991,SEP,"PRICE RECEIVED, MEASURED IN $ / BU",2.33
1085,1991,OCT,"PRICE RECEIVED, MEASURED IN $ / BU",2.31
1086,1991,NOV,"PRICE RECEIVED, MEASURED IN $ / BU",2.29
1087,1991,DEC,"PRICE RECEIVED, MEASURED IN $ / BU",2.33
1088,1992,YEAR,"PRICE RECEIVED, MEASURED IN $ / BU",2.07
1089,1992,JAN,"PRICE RECEIVED, MEASURED IN $ / BU",2.4
1090,1992,FEB,"PRICE RECEIVED, MEASURED IN $ / BU",2.46
1091,1992,MAR,"PRICE RECEIVED, MEASURED IN $ / BU",2.49
1092,1992,APR,"PRICE RECEIVED, MEASURED IN $ / BU",2.48
1093,1992,MAY,"PRICE RECEIVED, MEASURED IN $ / BU",2.49
1094,1992,JUN,"PRICE RECEIVED, MEASURED IN $ / BU",2.47
1095,1992,JUL,"PRICE RECEIVED, MEASURED IN $ / BU",2.33
1096,1992,AUG,"PRICE RECEIVED, MEASURED IN $ / BU",2.15
1097,1992,SEP,"PRICE RECEIVED, MEASURED IN $ / BU",2.16
1098,1992,OCT,"PRICE RECEIVED, MEASURED IN $ / BU",2.05
1099,1992,NOV,"PRICE RECEIVED, MEASURED IN $ / BU",1.98
1100,1992,DEC,"PRICE RECEIVED, MEASURED IN $ / BU",1.97
1101,1993,YEAR,"PRICE RECEIVED, MEASURED IN $ / BU",2.5
1102,1993,JAN,"PRICE RECEIVED, MEASURED IN $ / BU",2.03
1103,1993,FEB,"PRICE RECEIVED, MEASURED IN $ / BU",2
1104,1993,MAR,"PRICE RECEIVED, MEASURED IN $ / BU",2.1
1105,1993,APR,"PRICE RECEIVED, MEASURED IN $ / BU",2.16
1106,1993,MAY,"PRICE RECEIVED, MEASURED IN $ / BU",2.14
1107,1993,JUN,"PRICE RECEIVED, MEASURED IN $ / BU",2.09
1108,1993,JUL,"PRICE RECEIVED, MEASURED IN $ / BU",2.22
1109,1993,AUG,"PRICE RECEIVED, MEASURED IN $ / BU",2.25
1110,1993,SEP,"PRICE RECEIVED, MEASURED IN $ / BU",2.21
1111,1993,OCT,"PRICE RECEIVED, MEASURED IN $ / BU",2.28
1112,1993,NOV,"PRICE RECEIVED, MEASURED IN $ / BU",2.45
1113,1993,DEC,"PRICE RECEIVED, MEASURED IN $ / BU",2.67
1114,1994,YEAR,"PRICE RECEIVED, MEASURED IN $ / BU",2.26
1115,1994,JAN,"PRICE RECEIVED, MEASURED IN $ / BU",2.7
1116,1994,FEB,"PRICE RECEIVED, MEASURED IN $ / BU",2.79
1117,1994,MAR,"PRICE RECEIVED, MEASURED IN $ / BU",2.74
1118,1994,APR,"PRICE RECEIVED, MEASURED IN $ / BU",2.65
1119,1994,MAY,"PRICE RECEIVED, MEASURED IN $ / BU",2.6
1120,1994,JUN,"PRICE RECEIVED, MEASURED IN $ / BU",2.61
1121,1994,JUL,"PRICE RECEIVED, MEASURED IN $ / BU",2.29
1122,1994,AUG,"PRICE RECEIVED, MEASURED IN $ / BU",2.16
1123,1994,SEP,"PRICE RECEIVED, MEASURED IN $ / BU",2.19
1124,1994,OCT,"PRICE RECEIVED, MEASURED IN $ / BU",2.06
1125,1994,NOV,"PRICE RECEIVED, MEASURED IN $ / BU",1.99
1126,1994,DEC,"PRICE RECEIVED, MEASURED IN $ / BU",2.13
1127,1995,YEAR,"PRICE RECEIVED, MEASURED IN $ / BU",3.24
1128,1995,JAN,"PRICE RECEIVED, MEASURED IN $ / BU",2.19
1129,1995,FEB,"PRICE RECEIVED, MEASURED IN $ / BU",2.23
1130,1995,MAR,"PRICE RECEIVED, MEASURED IN $ / BU",2.3
1131,1995,APR,"PRICE RECEIVED, MEASURED IN $ / BU",2.36
1132,1995,MAY,"PRICE RECEIVED, MEASURED IN $ / BU",2.42
1133,1995,JUN,"PRICE RECEIVED, MEASURED IN $ / BU",2.51
1134,1995,JUL,"PRICE RECEIVED, MEASURED IN $ / BU",2.63
1135,1995,AUG,"PRICE RECEIVED, MEASURED IN $ / BU",2.63
1136,1995,SEP,"PRICE RECEIVED, MEASURED IN $ / BU",2.69
1137,1995,OCT,"PRICE RECEIVED, MEASURED IN $ / BU",2.79
1138,1995,NOV,"PRICE RECEIVED, MEASURED IN $ / BU",2.87
1139,1995,DEC,"PRICE RECEIVED, MEASURED IN $ / BU",3.07
1140,1996,YEAR,"PRICE RECEIVED, MEASURED IN $ / BU",2.71
1141,1996,YEAR,"PRICE RECEIVED, MEASURED IN $ / BU",3.55
1142,1996,JAN,"PRICE RECEIVED, MEASURED IN $ / BU",3.09
1143,1996,FEB,"PRICE RECEIVED, MEASURED IN $ / BU",3.37
1144,1996,MAR,"PRICE RECEIVED, MEASURED IN $ / BU",3.51
1145,1996,APR,"PRICE RECEIVED, MEASURED IN $ / BU",3.85
1146,1996,MAY,"PRICE RECEIVED, MEASURED IN $ / BU",4.14
1147,1996,JUN,"PRICE RECEIVED, MEASURED IN $ / BU",4.2
1148,1996,JUL,"PRICE RECEIVED, MEASURED IN $ / BU",4.43
1149,1996,AUG,"PRICE RECEIVED, MEASURED IN $ / BU",4.3
1150,1996,SEP,"PRICE RECEIVED, MEASURED IN $ / BU",3.56
1151,1996,OCT,"PRICE RECEIVED, MEASURED IN $ / BU",2.88
1152,1996,NOV,"PRICE RECEIVED, MEASURED IN $ / BU",2.66
1153,1996,DEC,"PRICE RECEIVED, MEASURED IN $ / BU",2.63
1154,1997,YEAR,"PRICE RECEIVED, MEASURED IN $ / BU",2.43
1155,1997,YEAR,"PRICE RECEIVED, MEASURED IN $ / BU",2.6
1156,1997,JAN,"PRICE RECEIVED, MEASURED IN $ / BU",2.69
1157,1997,FEB,"PRICE RECEIVED, MEASURED IN $ / BU",2.65
1158,1997,MAR,"PRICE RECEIVED, MEASURED IN $ / BU",2.79
1159,1997,APR,"PRICE RECEIVED, MEASURED IN $ / BU",2.8
1160,1997,MAY,"PRICE RECEIVED, MEASURED IN $ / BU",2.69
1161,1997,JUN,"PRICE RECEIVED, MEASURED IN $ / BU",2.56
1162,1997,JUL,"PRICE RECEIVED, MEASURED IN $ / BU",2.42
1163,1997,AUG,"PRICE RECEIVED, MEASURED IN $ / BU",2.5
1164,1997,SEP,"PRICE RECEIVED, MEASURED IN $ / BU",2.52
1165,1997,OCT,"PRICE RECEIVED, MEASURED IN $ / BU",2.54
1166,1997,NOV,"PRICE RECEIVED, MEASURED IN $ / BU",2.51
1167,1997,DEC,"PRICE RECEIVED, MEASURED IN $ / BU",2.52
1168,1998,YEAR,"PRICE RECEIVED, MEASURED IN $ / BU",1.94
1169,1998,YEAR,"PRICE RECEIVED, MEASURED IN $ / BU",2.2
1170,1998,JAN,"PRICE RECEIVED, MEASURED IN $ / BU",2.56
1171,1998,FEB,"PRICE RECEIVED, MEASURED IN $ / BU",2.55
1172,1998,MAR,"PRICE RECEIVED, MEASURED IN $ / BU",2.55
1173,1998,APR,"PRICE RECEIVED, MEASURED IN $ / BU",2.41
1174,1998,MAY,"PRICE RECEIVED, MEASURED IN $ / BU",2.34
1175,1998,JUN,"PRICE RECEIVED, MEASURED IN $ / BU",2.28
1176,1998,JUL,"PRICE RECEIVED, MEASURED IN $ / BU",2.19
1177,1998,AUG,"PRICE RECEIVED, MEASURED IN $ / BU",1.89
1178,1998,SEP,"PRICE RECEIVED, MEASURED IN $ / BU",1.84
1179,1998,OCT,"PRICE RECEIVED, MEASURED IN $ / BU",1.91
1180,1998,NOV,"PRICE RECEIVED, MEASURED IN $ / BU",1.93
1181,1998,DEC,"PRICE RECEIVED, MEASURED IN $ / BU",2
1182,1999,YEAR,"PRICE RECEIVED, MEASURED IN $ / BU",1.82
1183,1999,YEAR,"PRICE RECEIVED, MEASURED IN $ / BU",1.89
1184,1999,JAN,"PRICE RECEIVED, MEASURED IN $ / BU",2.06
1185,1999,FEB,"PRICE RECEIVED, MEASURED IN $ / BU",2.05
1186,1999,MAR,"PRICE RECEIVED, MEASURED IN $ / BU",2.06
1187,1999,APR,"PRICE RECEIVED, MEASURED IN $ / BU",2.04
1188,1999,MAY,"PRICE RECEIVED, MEASURED IN $ / BU",1.99
1189,1999,JUN,"PRICE RECEIVED, MEASURED IN $ / BU",1.97
1190,1999,JUL,"PRICE RECEIVED, MEASURED IN $ / BU",1.74
1191,1999,AUG,"PRICE RECEIVED, MEASURED IN $ / BU",1.75
1192,1999,SEP,"PRICE RECEIVED, MEASURED IN $ / BU",1.75
1193,1999,OCT,"PRICE RECEIVED, MEASURED IN $ / BU",1.69
1194,1999,NOV,"PRICE RECEIVED, MEASURED IN $ / BU",1.7
1195,1999,DEC,"PRICE RECEIVED, MEASURED IN $ / BU",1.82
1196,2000,YEAR,"PRICE RECEIVED, MEASURED IN $ / BU",1.85
1197,2000,YEAR,"PRICE RECEIVED, MEASURED IN $ / BU",1.86
1198,2000,JAN,"PRICE RECEIVED, MEASURED IN $ / BU",1.91
1199,2000,FEB,"PRICE RECEIVED, MEASURED IN $ / BU",1.98
1200,2000,MAR,"PRICE RECEIVED, MEASURED IN $ / BU",2.03
1201,2000,APR,"PRICE RECEIVED, MEASURED IN $ / BU",2.03
1202,2000,MAY,"PRICE RECEIVED, MEASURED IN $ / BU",2.11
1203,2000,JUN,"PRICE RECEIVED, MEASURED IN $ / BU",1.91
1204,2000,JUL,"PRICE RECEIVED, MEASURED IN $ / BU",1.64
1205,2000,AUG,"PRICE RECEIVED, MEASURED IN $ / BU",1.52
1206,2000,SEP,"PRICE RECEIVED, MEASURED IN $ / BU",1.61
1207,2000,OCT,"PRICE RECEIVED, MEASURED IN $ / BU",1.74
1208,2000,NOV,"PRICE RECEIVED, MEASURED IN $ / BU",1.86
1209,2000,DEC,"PRICE RECEIVED, MEASURED IN $ / BU",1.97
1210,2001,YEAR,"PRICE RECEIVED, MEASURED IN $ / BU",1.97
1211,2001,YEAR,"PRICE RECEIVED, MEASURED IN $ / BU",1.89
1212,2001,JAN,"PRICE RECEIVED, MEASURED IN $ / BU",1.98
1213,2001,FEB,"PRICE RECEIVED, MEASURED IN $ / BU",1.96
1214,2001,MAR,"PRICE RECEIVED, MEASURED IN $ / BU",1.96
1215,2001,APR,"PRICE RECEIVED, MEASURED IN $ / BU",1.89
1216,2001,MAY,"PRICE RECEIVED, MEASURED IN $ / BU",1.82
1217,2001,JUN,"PRICE RECEIVED, MEASURED IN $ / BU",1.76
1218,2001,JUL,"PRICE RECEIVED, MEASURED IN $ / BU",1.87
1219,2001,AUG,"PRICE RECEIVED, MEASURED IN $ / BU",1.9
1220,2001,SEP,"PRICE RECEIVED, MEASURED IN $ / BU",1.91
1221,2001,OCT,"PRICE RECEIVED, MEASURED IN $ / BU",1.84
1222,2001,NOV,"PRICE RECEIVED, MEASURED IN $ / BU",1.85
1223,2001,DEC,"PRICE RECEIVED, MEASURED IN $ / BU",1.98
1224,2002,YEAR,"PRICE RECEIVED, MEASURED IN $ / BU",2.32
1225,2002,YEAR,"PRICE RECEIVED, MEASURED IN $ / BU",2.13
1226,2002,JAN,"PRICE RECEIVED, MEASURED IN $ / BU",1.97
1227,2002,FEB,"PRICE RECEIVED, MEASURED IN $ / BU",1.93
1228,2002,MAR,"PRICE RECEIVED, MEASURED IN $ / BU",1.94
1229,2002,APR,"PRICE RECEIVED, MEASURED IN $ / BU",1.91
1230,2002,MAY,"PRICE RECEIVED, MEASURED IN $ / BU",1.93
1231,2002,JUN,"PRICE RECEIVED, MEASURED IN $ / BU",1.97
1232,2002,JUL,"PRICE RECEIVED, MEASURED IN $ / BU",2.13
1233,2002,AUG,"PRICE RECEIVED, MEASURED IN $ / BU",2.38
1234,2002,SEP,"PRICE RECEIVED, MEASURED IN $ / BU",2.47
1235,2002,OCT,"PRICE RECEIVED, MEASURED IN $ / BU",2.34
1236,2002,NOV,"PRICE RECEIVED, MEASURED IN $ / BU",2.28
1237,2002,DEC,"PRICE RECEIVED, MEASURED IN $ / BU",2.32
1238,2003,YEAR,"PRICE RECEIVED, MEASURED IN $ / BU",2.42
1239,2003,YEAR,"PRICE RECEIVED, MEASURED IN $ / BU",2.27
1240,2003,JAN,"PRICE RECEIVED, MEASURED IN $ / BU",2.33
1241,2003,FEB,"PRICE RECEIVED, MEASURED IN $ / BU",2.34
1242,2003,MAR,"PRICE RECEIVED, MEASURED IN $ / BU",2.33
1243,2003,APR,"PRICE RECEIVED, MEASURED IN $ / BU",2.34
1244,2003,MAY,"PRICE RECEIVED, MEASURED IN $ / BU",2.38
1245,2003,JUN,"PRICE RECEIVED, MEASURED IN $ / BU",2.34
1246,2003,JUL,"PRICE RECEIVED, MEASURED IN $ / BU",2.17
1247,2003,AUG,"PRICE RECEIVED, MEASURED IN $ / BU",2.15
1248,2003,SEP,"PRICE RECEIVED, MEASURED IN $ / BU",2.2
1249,2003,OCT,"PRICE RECEIVED, MEASURED IN $ / BU",2.12
1250,2003,NOV,"PRICE RECEIVED, MEASURED IN $ / BU",2.2
1251,2003,DEC,"PRICE RECEIVED, MEASURED IN $ / BU",2.31
1252,2004,YEAR,"PRICE RECEIVED, MEASURED IN $ / BU",2.06
1253,2004,YEAR,"PRICE RECEIVED, MEASURED IN $ / BU",2.47
1254,2004,JAN,"PRICE RECEIVED, MEASURED IN $ / BU",2.39
1255,2004,FEB,"PRICE RECEIVED, MEASURED IN $ / BU",2.61
1256,2004,MAR,"PRICE RECEIVED, MEASURED IN $ / BU",2.75
1257,2004,APR,"PRICE RECEIVED, MEASURED IN $ / BU",2.89
1258,2004,MAY,"PRICE RECEIVED, MEASURED IN $ / BU",2.87
1259,2004,JUN,"PRICE RECEIVED, MEASURED IN $ / BU",2.79
1260,2004,JUL,"PRICE RECEIVED, MEASURED IN $ / BU",2.51
1261,2004,AUG,"PRICE RECEIVED, MEASURED IN $ / BU",2.34
1262,2004,SEP,"PRICE RECEIVED, MEASURED IN $ / BU",2.2
1263,2004,OCT,"PRICE RECEIVED, MEASURED IN $ / BU",2.14
1264,2004,NOV,"PRICE RECEIVED, MEASURED IN $ / BU",2.05
1265,2004,DEC,"PRICE RECEIVED, MEASURED IN $ / BU",2.04
1266,2005,YEAR,"PRICE RECEIVED, MEASURED IN $ / BU",2
1267,2005,YEAR,"PRICE RECEIVED, MEASURED IN $ / BU",1.96
1268,2005,JAN,"PRICE RECEIVED, MEASURED IN $ / BU",2.12
1269,2005,FEB,"PRICE RECEIVED, MEASURED IN $ / BU",1.95
1270,2005,MAR,"PRICE RECEIVED, MEASURED IN $ / BU",2.02
1271,2005,APR,"PRICE RECEIVED, MEASURED IN $ / BU",2
1272,2005,MAY,"PRICE RECEIVED, MEASURED IN $ / BU",1.98
1273,2005,JUN,"PRICE RECEIVED, MEASURED IN $ / BU",2.03
1274,2005,JUL,"PRICE RECEIVED, MEASURED IN $ / BU",2.11
1275,2005,AUG,"PRICE RECEIVED, MEASURED IN $ / BU",1.95
1276,2005,SEP,"PRICE RECEIVED, MEASURED IN $ / BU",1.9
1277,2005,OCT,"PRICE RECEIVED, MEASURED IN $ / BU",1.82
1278,2005,NOV,"PRICE RECEIVED, MEASURED IN $ / BU",1.77
1279,2005,DEC,"PRICE RECEIVED, MEASURED IN $ / BU",1.92
1280,2006,YEAR,"PRICE RECEIVED, MEASURED IN $ / BU",3.04
1281,2006,YEAR,"PRICE RECEIVED, MEASURED IN $ / BU",2.28
1282,2006,JAN,"PRICE RECEIVED, MEASURED IN $ / BU",2
1283,2006,FEB,"PRICE RECEIVED, MEASURED IN $ / BU",2.02
1284,2006,MAR,"PRICE RECEIVED, MEASURED IN $ / BU",2.06
1285,2006,APR,"PRICE RECEIVED, MEASURED IN $ / BU",2.11
1286,2006,MAY,"PRICE RECEIVED, MEASURED IN $ / BU",2.17
1287,2006,JUN,"PRICE RECEIVED, MEASURED IN $ / BU",2.14
1288,2006,JUL,"PRICE RECEIVED, MEASURED IN $ / BU",2.14
1289,2006,AUG,"PRICE RECEIVED, MEASURED IN $ / BU",2.09
1290,2006,SEP,"PRICE RECEIVED, MEASURED IN $ / BU",2.2
1291,2006,OCT,"PRICE RECEIVED, MEASURED IN $ / BU",2.55
1292,2006,NOV,"PRICE RECEIVED, MEASURED IN $ / BU",2.88
1293,2006,DEC,"PRICE RECEIVED, MEASURED IN $ / BU",3.01
1294,2007,YEAR,"PRICE RECEIVED, MEASURED IN $ / BU",4.2
1295,2007,YEAR,"PRICE RECEIVED, MEASURED IN $ / BU",3.39
1296,2007,JAN,"PRICE RECEIVED, MEASURED IN $ / BU",3.05
1297,2007,FEB,"PRICE RECEIVED, MEASURED IN $ / BU",3.44
1298,2007,MAR,"PRICE RECEIVED, MEASURED IN $ / BU",3.43
1299,2007,APR,"PRICE RECEIVED, MEASURED IN $ / BU",3.39
1300,2007,MAY,"PRICE RECEIVED, MEASURED IN $ / BU",3.49
1301,2007,JUN,"PRICE RECEIVED, MEASURED IN $ / BU",3.53
1302,2007,JUL,"PRICE RECEIVED, MEASURED IN $ / BU",3.32
1303,2007,AUG,"PRICE RECEIVED, MEASURED IN $ / BU",3.26
1304,2007,SEP,"PRICE RECEIVED, MEASURED IN $ / BU",3.28
1305,2007,OCT,"PRICE RECEIVED, MEASURED IN $ / BU",3.29
1306,2007,NOV,"PRICE RECEIVED, MEASURED IN $ / BU",3.44
1307,2007,DEC,"PRICE RECEIVED, MEASURED IN $ / BU",3.77
1308,2008,YEAR,"PRICE RECEIVED, MEASURED IN $ / BU",4.06
1309,2008,YEAR,"PRICE RECEIVED, MEASURED IN $ / BU",4.78
1310,2008,JAN,"PRICE RECEIVED, MEASURED IN $ / BU",3.98
1311,2008,FEB,"PRICE RECEIVED, MEASURED IN $ / BU",4.54
1312,2008,MAR,"PRICE RECEIVED, MEASURED IN $ / BU",4.7
1313,2008,APR,"PRICE RECEIVED, MEASURED IN $ / BU",5.14
1314,2008,MAY,"PRICE RECEIVED, MEASURED IN $ / BU",5.27
1315,2008,JUN,"PRICE RECEIVED, MEASURED IN $ / BU",5.47
1316,2008,JUL,"PRICE RECEIVED, MEASURED IN $ / BU",5.25
1317,2008,AUG,"PRICE RECEIVED, MEASURED IN $ / BU",5.26
1318,2008,SEP,"PRICE RECEIVED, MEASURED IN $ / BU",5.01
1319,2008,OCT,"PRICE RECEIVED, MEASURED IN $ / BU",4.37
1320,2008,NOV,"PRICE RECEIVED, MEASURED IN $ / BU",4.26
1321,2008,DEC,"PRICE RECEIVED, MEASURED IN $ / BU",4.11
1322,2009,YEAR,"PRICE RECEIVED, MEASURED IN $ / BU",3.55
1323,2009,YEAR,"PRICE RECEIVED, MEASURED IN $ / BU",3.75
1324,2009,JAN,"PRICE RECEIVED, MEASURED IN $ / BU",4.36
1325,2009,FEB,"PRICE RECEIVED, MEASURED IN $ / BU",3.87
1326,2009,MAR,"PRICE RECEIVED, MEASURED IN $ / BU",3.85
1327,2009,APR,"PRICE RECEIVED, MEASURED IN $ / BU",3.85
1328,2009,MAY,"PRICE RECEIVED, MEASURED IN $ / BU",3.96
1329,2009,JUN,"PRICE RECEIVED, MEASURED IN $ / BU",4.01
1330,2009,JUL,"PRICE RECEIVED, MEASURED IN $ / BU",3.6
1331,2009,AUG,"PRICE RECEIVED, MEASURED IN $ / BU",3.33
1332,2009,SEP,"PRICE RECEIVED, MEASURED IN $ / BU",3.25
1333,2009,OCT,"PRICE RECEIVED, MEASURED IN $ / BU",3.61
1334,2009,NOV,"PRICE RECEIVED, MEASURED IN $ / BU",3.65
1335,2009,DEC,"PRICE RECEIVED, MEASURED IN $ / BU",3.6
1336,2010,YEAR,"PRICE RECEIVED, MEASURED IN $ / BU",5.18
1337,2010,YEAR,"PRICE RECEIVED, MEASURED IN $ / BU",3.83
1338,2010,JAN,"PRICE RECEIVED, MEASURED IN $ / BU",3.66
1339,2010,FEB,"PRICE RECEIVED, MEASURED IN $ / BU",3.55
1340,2010,MAR,"PRICE RECEIVED, MEASURED IN $ / BU",3.55
1341,2010,APR,"PRICE RECEIVED, MEASURED IN $ / BU",3.41
1342,2010,MAY,"PRICE RECEIVED, MEASURED IN $ / BU",3.48
1343,2010,JUN,"PRICE RECEIVED, MEASURED IN $ / BU",3.41
1344,2010,JUL,"PRICE RECEIVED, MEASURED IN $ / BU",3.49
1345,2010,AUG,"PRICE RECEIVED, MEASURED IN $ / BU",3.65
1346,2010,SEP,"PRICE RECEIVED, MEASURED IN $ / BU",4.08
1347,2010,OCT,"PRICE RECEIVED, MEASURED IN $ / BU",4.32
1348,2010,NOV,"PRICE RECEIVED, MEASURED IN $ / BU",4.55
1349,2010,DEC,"PRICE RECEIVED, MEASURED IN $ / BU",4.82
1350,2011,YEAR,"PRICE RECEIVED, MEASURED IN $ / BU",6.22
1351,2011,YEAR,"PRICE RECEIVED, MEASURED IN $ / BU",6.02
1352,2011,JAN,"PRICE RECEIVED, MEASURED IN $ / BU",4.94
1353,2011,FEB,"PRICE RECEIVED, MEASURED IN $ / BU",5.65
1354,2011,MAR,"PRICE RECEIVED, MEASURED IN $ / BU",5.53
1355,2011,APR,"PRICE RECEIVED, MEASURED IN $ / BU",6.36
1356,2011,MAY,"PRICE RECEIVED, MEASURED IN $ / BU",6.32
1357,2011,JUN,"PRICE RECEIVED, MEASURED IN $ / BU",6.38
1358,2011,JUL,"PRICE RECEIVED, MEASURED IN $ / BU",6.33
1359,2011,AUG,"PRICE RECEIVED, MEASURED IN $ / BU",6.88
1360,2011,SEP,"PRICE RECEIVED, MEASURED IN $ / BU",6.38
1361,2011,OCT,"PRICE RECEIVED, MEASURED IN $ / BU",5.73
1362,2011,NOV,"PRICE RECEIVED, MEASURED IN $ / BU",5.83
1363,2011,DEC,"PRICE RECEIVED, MEASURED IN $ / BU",5.86
1364,2012,YEAR,"PRICE RECEIVED, MEASURED IN $ / BU",6.89
1365,2012,YEAR,"PRICE RECEIVED, MEASURED IN $ / BU",6.67
1366,2012,JAN,"PRICE RECEIVED, MEASURED IN $ / BU",6.07
1367,2012,FEB,"PRICE RECEIVED, MEASURED IN $ / BU",6.28
1368,2012,MAR,"PRICE RECEIVED, MEASURED IN $ / BU",6.35
1369,2012,APR,"PRICE RECEIVED, MEASURED IN $ / BU",6.34
1370,2012,MAY,"PRICE RECEIVED, MEASURED IN $ / BU",6.34
1371,2012,JUN,"PRICE RECEIVED, MEASURED IN $ / BU",6.37
1372,2012,JUL,"PRICE RECEIVED, MEASURED IN $ / BU",7.14
1373,2012,AUG,"PRICE RECEIVED, MEASURED IN $ / BU",7.63
1374,2012,SEP,"PRICE RECEIVED, MEASURED IN $ / BU",6.89
1375,2012,OCT,"PRICE RECEIVED, MEASURED IN $ / BU",6.78
1376,2012,NOV,"PRICE RECEIVED, MEASURED IN $ / BU",7.01
1377,2012,DEC,"PRICE RECEIVED, MEASURED IN $ / BU",6.87
1378,2013,YEAR,"PRICE RECEIVED, MEASURED IN $ / BU",4.46
1379,2013,YEAR,"PRICE RECEIVED, MEASURED IN $ / BU",6.15
1380,2013,JAN,"PRICE RECEIVED, MEASURED IN $ / BU",6.96
1381,2013,FEB,"PRICE RECEIVED, MEASURED IN $ / BU",7.04
1382,2013,MAR,"PRICE RECEIVED, MEASURED IN $ / BU",7.13
1383,2013,APR,"PRICE RECEIVED, MEASURED IN $ / BU",6.97
1384,2013,MAY,"PRICE RECEIVED, MEASURED IN $ / BU",6.97
1385,2013,JUN,"PRICE RECEIVED, MEASURED IN $ / BU",6.97
1386,2013,JUL,"PRICE RECEIVED, MEASURED IN $ / BU",6.79
1387,2013,AUG,"PRICE RECEIVED, MEASURED IN $ / BU",6.21
1388,2013,SEP,"PRICE RECEIVED, MEASURED IN $ / BU",5.4
1389,2013,OCT,"PRICE RECEIVED, MEASURED IN $ / BU",4.63
1390,2013,NOV,"PRICE RECEIVED, MEASURED IN $ / BU",4.37
1391,2013,DEC,"PRICE RECEIVED, MEASURED IN $ / BU",4.41
1392,2014,YEAR,"PRICE RECEIVED, MEASURED IN $ / BU",3.7
1393,2014,YEAR,"PRICE RECEIVED, MEASURED IN $ / BU",4.11
1394,2014,JAN,"PRICE RECEIVED, MEASURED IN $ / BU",4.42
1395,2014,FEB,"PRICE RECEIVED, MEASURED IN $ / BU",4.35
1396,2014,MAR,"PRICE RECEIVED, MEASURED IN $ / BU",4.52
1397,2014,APR,"PRICE RECEIVED, MEASURED IN $ / BU",4.71
1398,2014,MAY,"PRICE RECEIVED, MEASURED IN $ / BU",4.71
1399,2014,JUN,"PRICE RECEIVED, MEASURED IN $ / BU",4.5
1400,2014,JUL,"PRICE RECEIVED, MEASURED IN $ / BU",4.06
1401,2014,AUG,"PRICE RECEIVED, MEASURED IN $ / BU",3.63
1402,2014,SEP,"PRICE RECEIVED, MEASURED IN $ / BU",3.49
1403,2014,OCT,"PRICE RECEIVED, MEASURED IN $ / BU",3.57
1404,2014,NOV,"PRICE RECEIVED, MEASURED IN $ / BU",3.6
1405,2014,DEC,"PRICE RECEIVED, MEASURED IN $ / BU",3.79
1406,2015,YEAR,"PRICE RECEIVED, MEASURED IN $ / BU",3.61
1407,2015,YEAR,"PRICE RECEIVED, MEASURED IN $ / BU",3.71
1408,2015,JAN,"PRICE RECEIVED, MEASURED IN $ / BU",3.82
1409,2015,FEB,"PRICE RECEIVED, MEASURED IN $ / BU",3.79
1410,2015,MAR,"PRICE RECEIVED, MEASURED IN $ / BU",3.81
1411,2015,APR,"PRICE RECEIVED, MEASURED IN $ / BU",3.75
1412,2015,MAY,"PRICE RECEIVED, MEASURED IN $ / BU",3.64
1413,2015,JUN,"PRICE RECEIVED, MEASURED IN $ / BU",3.59
1414,2015,JUL,"PRICE RECEIVED, MEASURED IN $ / BU",3.8
1415,2015,AUG,"PRICE RECEIVED, MEASURED IN $ / BU",3.68
1416,2015,SEP,"PRICE RECEIVED, MEASURED IN $ / BU",3.68
1417,2015,OCT,"PRICE RECEIVED, MEASURED IN $ / BU",3.67
1418,2015,NOV,"PRICE RECEIVED, MEASURED IN $ / BU",3.59
1419,2015,DEC,"PRICE RECEIVED, MEASURED IN $ / BU",3.65
1420,2016,YEAR,"PRICE RECEIVED, MEASURED IN $ / BU",3.36
1421,2016,YEAR,"PRICE RECEIVED, MEASURED IN $ / BU",3.48
1422,2016,JAN,"PRICE RECEIVED, MEASURED IN $ / BU",3.66
1423,2016,FEB,"PRICE RECEIVED, MEASURED IN $ / BU",3.58
1424,2016,MAR,"PRICE RECEIVED, MEASURED IN $ / BU",3.56
1425,2016,APR,"PRICE RECEIVED, MEASURED IN $ / BU",3.56
1426,2016,MAY,"PRICE RECEIVED, MEASURED IN $ / BU",3.68
1427,2016,JUN,"PRICE RECEIVED, MEASURED IN $ / BU",3.82
1428,2016,JUL,"PRICE RECEIVED, MEASURED IN $ / BU",3.6
1429,2016,AUG,"PRICE RECEIVED, MEASURED IN $ / BU",3.21
1430,2016,SEP,"PRICE RECEIVED, MEASURED IN $ / BU",3.22
1431,2016,OCT,"PRICE RECEIVED, MEASURED IN $ / BU",3.29
1432,2016,NOV,"PRICE RECEIVED, MEASURED IN $ / BU",3.24
1433,2016,DEC,"PRICE RECEIVED, MEASURED IN $ / BU",3.32
1434,2017,YEAR,"PRICE RECEIVED, MEASURED IN $ / BU",3.36
1435,2017,YEAR,"PRICE RECEIVED, MEASURED IN $ / BU",3.36
1436,2017,JAN,"PRICE RECEIVED, MEASURED IN $ / BU",3.4
1437,2017,FEB,"PRICE RECEIVED, MEASURED IN $ / BU",3.44
1438,2017,MAR,"PRICE RECEIVED, MEASURED IN $ / BU",3.49
1439,2017,APR,"PRICE RECEIVED, MEASURED IN $ / BU",3.43
1440,2017,MAY,"PRICE RECEIVED, MEASURED IN $ / BU",3.45
1441,2017,JUN,"PRICE RECEIVED, MEASURED IN $ / BU",3.43
1442,2017,JUL,"PRICE RECEIVED, MEASURED IN $ / BU",3.49
1443,2017,AUG,"PRICE RECEIVED, MEASURED IN $ / BU",3.27
1444,2017,SEP,"PRICE RECEIVED, MEASURED IN $ / BU",3.27
1445,2017,OCT,"PRICE RECEIVED, MEASURED IN $ / BU",3.26
1446,2017,NOV,"PRICE RECEIVED, MEASURED IN $ / BU",3.15
1447,2017,DEC,"PRICE RECEIVED, MEASURED IN $ / BU",3.23
1448,2018,YEAR,"PRICE RECEIVED, MEASURED IN $ / BU",3.61
1449,2018,YEAR,"PRICE RECEIVED, MEASURED IN $ / BU",3.47
1450,2018,JAN,"PRICE RECEIVED, MEASURED IN $ / BU",3.29
1451,2018,FEB,"PRICE RECEIVED, MEASURED IN $ / BU",3.38
1452,2018,MAR,"PRICE RECEIVED, MEASURED IN $ / BU",3.51
1453,2018,APR,"PRICE RECEIVED, MEASURED IN $ / BU",3.58
1454,2018,MAY,"PRICE RECEIVED, MEASURED IN $ / BU",3.68
1455,2018,JUN,"PRICE RECEIVED, MEASURED IN $ / BU",3.58
1456,2018,JUL,"PRICE RECEIVED, MEASURED IN $ / BU",3.47
1457,2018,AUG,"PRICE RECEIVED, MEASURED IN $ / BU",3.36
1458,2018,SEP,"PRICE RECEIVED, MEASURED IN $ / BU",3.4
1459,2018,OCT,"PRICE RECEIVED, MEASURED IN $ / BU",3.42
1460,2018,NOV,"PRICE RECEIVED, MEASURED IN $ / BU",3.41
1461,2018,DEC,"PRICE RECEIVED, MEASURED IN $ / BU",3.54
1462,2019,YEAR,"PRICE RECEIVED, MEASURED IN $ / BU",3.56
1463,2019,YEAR,"PRICE RECEIVED, MEASURED IN $ / BU",3.75
1464,2019,JAN,"PRICE RECEIVED, MEASURED IN $ / BU",3.56
1465,2019,FEB,"PRICE RECEIVED, MEASURED IN $ / BU",3.6
1466,2019,MAR,"PRICE RECEIVED, MEASURED IN $ / BU",3.61
1467,2019,APR,"PRICE RECEIVED, MEASURED IN $ / BU",3.53
1468,2019,MAY,"PRICE RECEIVED, MEASURED IN $ / BU",3.63
1469,2019,JUN,"PRICE RECEIVED, MEASURED IN $ / BU",3.98
1470,2019,JUL,"PRICE RECEIVED, MEASURED IN $ / BU",4.16
1471,2019,AUG,"PRICE RECEIVED, MEASURED IN $ / BU",3.93
1472,2019,SEP,"PRICE RECEIVED, MEASURED IN $ / BU",3.8
1473,2019,OCT,"PRICE RECEIVED, MEASURED IN $ / BU",3.85
1474,2019,NOV,"PRICE RECEIVED, MEASURED IN $ / BU",3.68
1475,2019,DEC,"PRICE RECEIVED, MEASURED IN $ / BU",3.71
1476,2020,YEAR,"PRICE RECEIVED, MEASURED IN $ / BU",4.3
1477,2020,YEAR,"PRICE RECEIVED, MEASURED IN $ / BU",3.5
1478,2020,JAN,"PRICE RECEIVED, MEASURED IN $ / BU",3.79
1479,2020,FEB,"PRICE RECEIVED, MEASURED IN $ / BU",3.78
1480,2020,MAR,"PRICE RECEIVED, MEASURED IN $ / BU",3.68
1481,2020,APR,"PRICE RECEIVED, MEASURED IN $ / BU",3.29
1482,2020,MAY,"PRICE RECEIVED, MEASURED IN $ / BU",3.2
1483,2020,JUN,"PRICE RECEIVED, MEASURED IN $ / BU",3.16
1484,2020,JUL,"PRICE RECEIVED, MEASURED IN $ / BU",3.21
1485,2020,AUG,"PRICE RECEIVED, MEASURED IN $ / BU",3.12
1486,2020,SEP,"PRICE RECEIVED, MEASURED IN $ / BU",3.4
1487,2020,OCT,"PRICE RECEIVED, MEASURED IN $ / BU",3.61
1488,2020,NOV,"PRICE RECEIVED, MEASURED IN $ / BU",3.79
1489,2020,DEC,"PRICE RECEIVED, MEASURED IN $ / BU",3.97
1490,2021,JAN,"PRICE RECEIVED, MEASURED IN $ / BU",4.24
1491,2021,FEB,"PRICE RECEIVED, MEASURED IN $ / BU",4.75
1492,2021,MAR,"PRICE RECEIVED, MEASURED IN $ / BU",4.89
1493,2021,APR,"PRICE RECEIVED, MEASURED IN $ / BU",5.31
1494,2021,MAY,"PRICE RECEIVED, MEASURED IN $ / BU",5.91
1495,2021,JUN,"PRICE RECEIVED, MEASURED IN $ / BU",6
1496,1950,YEAR,"PRODUCTION, MEASURED IN $","4,222,366,000"
1497,1951,YEAR,"PRODUCTION, MEASURED IN $","4,364,659,000"
1498,1952,YEAR,"PRODUCTION, MEASURED IN $","4,557,031,000"
1499,1953,YEAR,"PRODUCTION, MEASURED IN $","4,291,366,000"
1500,1954,YEAR,"PRODUCTION, MEASURED IN $","3,872,433,000"
1501,1955,YEAR,"PRODUCTION, MEASURED IN $","3,848,649,000"
1502,1956,YEAR,"PRODUCTION, MEASURED IN $","3,967,290,000"
1503,1957,YEAR,"PRODUCTION, MEASURED IN $","3,393,496,000"
1504,1958,YEAR,"PRODUCTION, MEASURED IN $","3,755,553,000"
1505,1959,YEAR,"PRODUCTION, MEASURED IN $","4,013,126,000"
1506,1960,YEAR,"PRODUCTION, MEASURED IN $","3,928,779,000"
1507,1961,YEAR,"PRODUCTION, MEASURED IN $","3,938,994,000"
1508,1962,YEAR,"PRODUCTION, MEASURED IN $","4,025,296,000"
1509,1963,YEAR,"PRODUCTION, MEASURED IN $","4,454,048,000"
1510,1964,YEAR,"PRODUCTION, MEASURED IN $","4,064,208,000"
1511,1965,YEAR,"PRODUCTION, MEASURED IN $","4,754,199,000"
1512,1966,YEAR,"PRODUCTION, MEASURED IN $","5,170,973,000"
1513,1967,YEAR,"PRODUCTION, MEASURED IN $","5,044,235,000"
1514,1968,YEAR,"PRODUCTION, MEASURED IN $","4,825,623,000"
1515,1969,YEAR,"PRODUCTION, MEASURED IN $","5,415,997,000"
1516,1970,YEAR,"PRODUCTION, MEASURED IN $","5,514,702,000"
1517,1971,YEAR,"PRODUCTION, MEASURED IN $","6,101,055,000"
1518,1972,YEAR,"PRODUCTION, MEASURED IN $","8,743,036,000"
1519,1973,YEAR,"PRODUCTION, MEASURED IN $","14,462,744,000"
1520,1974,YEAR,"PRODUCTION, MEASURED IN $","14,231,557,000"
1521,1975,YEAR,"PRODUCTION, MEASURED IN $","14,817,840,000"
1522,1976,YEAR,"PRODUCTION, MEASURED IN $","13,524,134,000"
1523,1977,YEAR,"PRODUCTION, MEASURED IN $","13,107,420,000"
1524,1978,YEAR,"PRODUCTION, MEASURED IN $","16,280,688,000"
1525,1979,YEAR,"PRODUCTION, MEASURED IN $","19,876,655,000"
1526,1980,YEAR,"PRODUCTION, MEASURED IN $","20,554,147,000"
1527,1981,YEAR,"PRODUCTION, MEASURED IN $","20,200,261,000"
1528,1982,YEAR,"PRODUCTION, MEASURED IN $","21,641,046,000"
1529,1983,YEAR,"PRODUCTION, MEASURED IN $","13,552,853,000"
1530,1984,YEAR,"PRODUCTION, MEASURED IN $","20,143,883,000"
1531,1985,YEAR,"PRODUCTION, MEASURED IN $","19,518,762,000"
1532,1986,YEAR,"PRODUCTION, MEASURED IN $","12,507,263,000"
1533,1987,YEAR,"PRODUCTION, MEASURED IN $","14,107,705,000"
1534,1988,YEAR,"PRODUCTION, MEASURED IN $","12,661,362,000"
1535,1989,YEAR,"PRODUCTION, MEASURED IN $","17,912,895,000"
1536,1990,YEAR,"PRODUCTION, MEASURED IN $","18,191,643,000"
1537,1991,YEAR,"PRODUCTION, MEASURED IN $","17,860,947,000"
1538,1992,YEAR,"PRODUCTION, MEASURED IN $","19,723,258,000"
1539,1993,YEAR,"PRODUCTION, MEASURED IN $","16,035,515,000"
1540,1994,YEAR,"PRODUCTION, MEASURED IN $","22,874,154,000"
1541,1995,YEAR,"PRODUCTION, MEASURED IN $","24,202,234,000"
1542,1996,YEAR,"PRODUCTION, MEASURED IN $","25,149,013,000"
1543,1997,YEAR,"PRODUCTION, MEASURED IN $","22,351,507,000"
1544,1998,YEAR,"PRODUCTION, MEASURED IN $","18,922,084,000"
1545,1999,YEAR,"PRODUCTION, MEASURED IN $","17,103,991,000"
1546,2000,YEAR,"PRODUCTION, MEASURED IN $","18,499,002,000"
1547,2001,YEAR,"PRODUCTION, MEASURED IN $","18,878,819,000"
1548,2002,YEAR,"PRODUCTION, MEASURED IN $","20,882,448,000"
1549,2003,YEAR,"PRODUCTION, MEASURED IN $","24,472,254,000"
1550,2004,YEAR,"PRODUCTION, MEASURED IN $","24,377,913,000"
1551,2005,YEAR,"PRODUCTION, MEASURED IN $","22,194,287,000"
1552,2006,YEAR,"PRODUCTION, MEASURED IN $","32,083,011,000"
1553,2007,YEAR,"PRODUCTION, MEASURED IN $","54,666,959,000"
1554,2008,YEAR,"PRODUCTION, MEASURED IN $","49,104,148,000"
1555,2009,YEAR,"PRODUCTION, MEASURED IN $","46,640,936,000"
1556,2010,YEAR,"PRODUCTION, MEASURED IN $","64,529,628,000"
1557,2011,YEAR,"PRODUCTION, MEASURED IN $","76,651,242,000"
1558,2012,YEAR,"PRODUCTION, MEASURED IN $","74,155,299,000"
1559,2013,YEAR,"PRODUCTION, MEASURED IN $","61,935,222,000"
1560,2014,YEAR,"PRODUCTION, MEASURED IN $","52,958,412,000"
1561,2015,YEAR,"PRODUCTION, MEASURED IN $","49,339,261,000"
1562,2016,YEAR,"PRODUCTION, MEASURED IN $","51,304,297,000"
1563,2017,YEAR,"PRODUCTION, MEASURED IN $","49,567,854,000"
1564,2018,YEAR,"PRODUCTION, MEASURED IN $","52,102,404,000"
1565,2019,YEAR,"PRODUCTION, MEASURED IN $","48,940,622,000"
1566,2020,YEAR,"PRODUCTION, MEASURED IN $","61,039,005,000"
